-- phpMyAdmin SQL Dump
-- version 3.3.7
-- http://www.phpmyadmin.net
--
-- 主机: localhost
-- 生成日期: 2016 年 03 月 01 日 17:12
-- 服务器版本: 5.5.27
-- PHP 版本: 5.2.17p1

SET SQL_MODE="NO_AUTO_VALUE_ON_ZERO";


/*!40101 SET @OLD_CHARACTER_SET_CLIENT=@@CHARACTER_SET_CLIENT */;
/*!40101 SET @OLD_CHARACTER_SET_RESULTS=@@CHARACTER_SET_RESULTS */;
/*!40101 SET @OLD_COLLATION_CONNECTION=@@COLLATION_CONNECTION */;
/*!40101 SET NAMES utf8 */;

--
-- 数据库: `wanfang`
--

-- --------------------------------------------------------

--
-- 表的结构 `wf_admin_user`
--

CREATE TABLE IF NOT EXISTS `wf_admin_user` (
  `admin_id` int(11) NOT NULL AUTO_INCREMENT,
  `admin_name` varchar(255) NOT NULL,
  `admin_password` varchar(255) NOT NULL,
  PRIMARY KEY (`admin_id`)
) ENGINE=MyISAM DEFAULT CHARSET=utf8 AUTO_INCREMENT=1 ;

--
-- 转存表中的数据 `wf_admin_user`
--


-- --------------------------------------------------------

--
-- 表的结构 `wf_all_city`
--

CREATE TABLE IF NOT EXISTS `wf_all_city` (
  `cid` bigint(20) unsigned NOT NULL AUTO_INCREMENT,
  `cname` varchar(50) NOT NULL,
  `pid` tinyint(20) DEFAULT NULL COMMENT '父类id',
  `datecreated` datetime DEFAULT NULL,
  `dateupdated` datetime DEFAULT NULL,
  PRIMARY KEY (`cid`)
) ENGINE=MyISAM  DEFAULT CHARSET=utf8 AUTO_INCREMENT=51 ;

--
-- 转存表中的数据 `wf_all_city`
--

INSERT INTO `wf_all_city` (`cid`, `cname`, `pid`, `datecreated`, `dateupdated`) VALUES
(1, '哈尔滨', 0, NULL, NULL),
(2, '双鸭山', 0, NULL, NULL),
(3, '七台河', 0, NULL, NULL),
(35, '道里区', 1, NULL, NULL),
(36, '南岗区', 1, NULL, NULL),
(37, '道外区', 1, NULL, NULL),
(38, '香坊区', 1, NULL, NULL),
(39, '动力区', 1, NULL, NULL),
(40, '平房区', 1, NULL, NULL),
(41, '松北区', 1, NULL, NULL),
(42, '呼兰区', 1, NULL, NULL),
(43, '尖山区', 2, NULL, NULL),
(44, '岭东区', 2, NULL, NULL),
(45, '四方台区', 2, NULL, NULL),
(46, '宝山区', 2, NULL, NULL),
(47, '新兴区', 3, NULL, NULL),
(48, '桃山区', 3, NULL, NULL),
(49, '茄子河区', 3, NULL, NULL);

-- --------------------------------------------------------

--
-- 表的结构 `wf_all_district`
--

CREATE TABLE IF NOT EXISTS `wf_all_district` (
  `did` int(11) NOT NULL AUTO_INCREMENT,
  `dname` varchar(255) NOT NULL,
  `cid` int(11) DEFAULT NULL,
  PRIMARY KEY (`did`)
) ENGINE=MyISAM  DEFAULT CHARSET=utf8 AUTO_INCREMENT=50 ;

--
-- 转存表中的数据 `wf_all_district`
--

INSERT INTO `wf_all_district` (`did`, `dname`, `cid`) VALUES
(35, '道里区', 1),
(36, '南岗区', 1),
(37, '道外区', 1),
(38, '香坊区', 1),
(39, '动力区', 1),
(40, '平房区', 1),
(41, '松北区', 1),
(42, '呼兰区', 1),
(43, '尖山区', 2),
(44, '岭东区', 2),
(45, '四方台区', 2),
(46, '宝山区', 2),
(47, '新兴区', 3),
(48, '桃山区', 3),
(49, '茄子河区', 3);

-- --------------------------------------------------------

--
-- 表的结构 `wf_feedback`
--

CREATE TABLE IF NOT EXISTS `wf_feedback` (
  `vip_msgid` mediumint(11) unsigned NOT NULL AUTO_INCREMENT COMMENT '留言ID',
  `vip_msgcontent` varchar(255) NOT NULL COMMENT '会员给网站留言内容',
  `vip_parentid` mediumint(11) NOT NULL COMMENT '首条留言',
  `vip_titid` mediumint(11) NOT NULL COMMENT '留言标题',
  `vip_msgtitle` varchar(255) NOT NULL,
  `vip_msgname` varchar(255) NOT NULL COMMENT '留言会员',
  `vip_msgtype` int(11) NOT NULL,
  PRIMARY KEY (`vip_msgid`)
) ENGINE=MyISAM  DEFAULT CHARSET=utf8 AUTO_INCREMENT=12 ;

--
-- 转存表中的数据 `wf_feedback`
--

INSERT INTO `wf_feedback` (`vip_msgid`, `vip_msgcontent`, `vip_parentid`, `vip_titid`, `vip_msgtitle`, `vip_msgname`, `vip_msgtype`) VALUES
(3, '有奥利奥牌的月饼吗', 0, 3, '月饼', 'seller', 4),
(4, '这个名字太难听了', 0, 4, '仓买', 'seller', 1),
(6, '贵公司还招加盟商吗', 0, 6, '招商', 'seller', 2),
(7, '不好意思，没有这个牌子的', 3, 3, '月饼', '管理员', 1),
(8, '我是新用户', 0, 8, '哦哦哦', 'admin', 0),
(9, '这个版本好像有点不一样呀', 0, 9, '版本', 'admin', 0),
(10, '瓦尔特', 0, 10, '阿斯顿飞规划局', 'admin', 0),
(11, '', 0, 11, '', 'admin', 0);

-- --------------------------------------------------------

--
-- 表的结构 `wf_gys_goods`
--

CREATE TABLE IF NOT EXISTS `wf_gys_goods` (
  `gys_gid` int(255) NOT NULL AUTO_INCREMENT COMMENT '商品ID',
  `gys_gname` varchar(255) NOT NULL COMMENT '商品名称',
  `gys_photo` varchar(255) NOT NULL COMMENT '商品图片',
  `gys_vipprice` float(255,2) NOT NULL COMMENT '会员价 ',
  `gys_price` float(255,2) DEFAULT NULL,
  `gys_info` varchar(255) DEFAULT NULL COMMENT '商品信息',
  `gys_kid` int(255) NOT NULL COMMENT '商品所属分类ID',
  `gys_num` int(255) NOT NULL,
  `gys_uptime` varchar(255) NOT NULL COMMENT '添加时间',
  `gys_status` int(255) NOT NULL COMMENT '商品状态 1上架 0下架',
  `gys_colnum` varchar(255) DEFAULT NULL,
  `gys_elite` varchar(255) DEFAULT NULL,
  `gys_txm` varchar(255) DEFAULT NULL,
  `gys_storeid` int(255) NOT NULL,
  `gys_storename` varchar(255) NOT NULL,
  `gys_salenum` varchar(255) DEFAULT NULL COMMENT '卖出量',
  `gys_id` int(255) NOT NULL,
  `gys_did` int(255) NOT NULL,
  `gys_spgg` varchar(255) DEFAULT NULL,
  `gys_spdw` varchar(255) DEFAULT NULL COMMENT '商品单位',
  `gys_spbh` int(255) NOT NULL COMMENT '商品编号',
  `gys_hot` int(255) DEFAULT NULL COMMENT '是否热销 1是',
  PRIMARY KEY (`gys_gid`)
) ENGINE=MyISAM  DEFAULT CHARSET=utf8 AUTO_INCREMENT=627 ;

--
-- 转存表中的数据 `wf_gys_goods`
--

INSERT INTO `wf_gys_goods` (`gys_gid`, `gys_gname`, `gys_photo`, `gys_vipprice`, `gys_price`, `gys_info`, `gys_kid`, `gys_num`, `gys_uptime`, `gys_status`, `gys_colnum`, `gys_elite`, `gys_txm`, `gys_storeid`, `gys_storename`, `gys_salenum`, `gys_id`, `gys_did`, `gys_spgg`, `gys_spdw`, `gys_spbh`, `gys_hot`) VALUES
(113, '汰渍洗衣粉薰衣草', '/Public/Home/images/2016-01-15/5643e26f39709.png', 7.00, 0.00, '', 59, 0, '2016-01-15 09:58:24', 1, '', '', '', 0, '', '1', 1, 0, '', '', 0, 0),
(114, '碧浪洗衣粉无磷', '/Public/Home/images/2016-01-15/5643e2f00cd3e.jpg', 4.00, 0.00, '', 59, 100, '2016-01-15 09:58:24', 1, '', '', '', 0, '', '1', 1, 0, '', '', 0, 0),
(112, '汰渍洗衣粉柠檬', '/Public/Home/images/2016-01-15/5643e1d9dd656.jpg', 2.00, 0.00, '', 59, 100, '2016-01-15 09:58:24', 1, '', '', '', 0, '', '1', 1, 0, '', '', 0, 0),
(115, '奇盟小麦白啤酒', '/Public/Home/images/2016-01-15/5643e3c89c571.jpg', 49.00, 0.00, '', 34, 100, '2016-01-15 09:58:24', 1, '', '', '', 0, '', '1', 1, 0, '', '', 0, 0),
(116, '菲尔德堡小麦啤酒', '/Public/Home/images/2016-01-15/5643e450d52c2.jpg', 5.00, 0.00, '', 34, 10, '2016-01-15 09:58:24', 1, '', '', '', 0, '', '1', 1, 0, '', '', 0, 0),
(117, '菲尔德堡小麦啤酒', '/Public/Home/images/2016-01-15/5643e4a3cd4c5.jpg', 49.00, 0.00, '', 34, 10, '2016-01-15 09:58:24', 1, '', '', '', 0, '', '1', 1, 0, '', '', 0, 0),
(118, '菲尔德堡浓色啤酒', '/Public/Home/images/2016-01-15/5643e4e27dce8.jpg', 5.00, 0.00, '', 34, 10, '2016-01-15 09:58:24', 1, '', '', '', 0, '', '1', 1, 0, '', '', 0, 0),
(119, '坦克伯爵白啤酒', '/Public/Home/images/2016-01-15/5643e51472706.png', 6.00, 0.00, '', 34, 10, '2016-01-15 09:58:24', 1, '', '', '', 0, '', '1', 1, 0, '', '', 0, 0),
(120, '加多宝', '/Public/Home/images/2016-01-15/5643e561e5105.jpg', 3.00, 0.00, '', 36, 10, '2016-01-15 09:58:24', 1, '', '', '', 0, '', '1', 1, 0, '', '', 0, 0),
(121, '加多宝', '/Public/Home/images/2016-01-15/5643e594091d5.jpg', 4.00, 0.00, '', 36, 100, '2016-01-15 09:58:24', 1, '', '', '', 0, '', '1', 1, 0, '', '', 0, 0),
(122, '五粮液浓香型39度', '/Public/Home/images/2016-01-15/5643e5eda86a7.jpg', 550.00, 0.00, NULL, 33, 100, '2016-01-15 09:58:24', 1, '', '', '', 0, '', '1', 1, 0, '', '', 0, 0),
(123, '五粮液52度', '/Public/Home/images/2016-01-15/5643e62193263.jpg', 720.00, 0.00, NULL, 33, 10, '2016-01-15 09:58:24', 1, '', '', '', 0, '', '1', 1, 0, '', '', 0, 0),
(124, '水井坊52度', '/Public/Home/images/2016-01-15/5643e65609d41.jpg', 560.00, 0.00, NULL, 33, 10, '2016-01-15 09:58:24', 1, '', '', '', 0, '', '1', 1, 0, '', '', 0, 0),
(125, '三环铁锁38mm', '/Public/Home/images/2016-01-15/5643e6ef209f9.jpg', 5.00, 0.00, '', 76, 10, '2016-01-15 09:58:24', 1, '', '', '', 0, '', '1', 1, 0, '', '', 0, 0),
(126, '三环铁锁50mm', '/Public/Home/images/2016-01-15/5643e71a9c745.jpg', 7.00, 0.00, '', 76, 10, '2016-01-15 09:58:24', 1, '', '', '', 0, '', '1', 1, 0, '', '', 0, 0),
(127, '三环铁锁63mm', '/Public/Home/images/2016-01-15/5643e749ba8a4.jpg', 10.00, 0.00, '', 76, 10, '2016-01-15 09:58:24', 1, '', '', '', 0, '', '1', 1, 0, '', '', 0, 0),
(128, '三环牌铁锁75mm', '/Public/Home/images/2016-01-15/5643e799923b6.jpg', 12.00, 0.00, '', 76, 10, '2016-01-15 09:58:24', 1, '', '', '', 0, '', '1', 1, 0, '', '', 0, 0),
(129, '乌江涪陵鲜爽榨菜丝', '/Public/Home/images/2016-01-15/5643e830e3919.jpg', 1.00, 0.00, '', 56, 10, '2016-01-15 09:58:24', 1, '', '', '', 0, '', '1', 1, 0, '', '', 0, 0),
(130, '乌江涪陵爽脆榨菜芯', '/Public/Home/images/2016-01-15/5643e85d237cf.jpg', 1.00, 0.00, '', 56, 100, '2016-01-15 09:58:24', 1, '', '', '', 0, '', '1', 1, 0, '', '', 0, 0),
(131, '乌江野山椒味凉拌海带丝', '/Public/Home/images/2016-01-15/5643e8895bc17.png', 2.00, 0.00, '', 56, 100, '2016-01-15 09:58:24', 1, '', '', '', 0, '', '1', 1, 0, '', '', 0, 0),
(132, '乌江美味萝卜', '/Public/Home/images/2016-01-15/5643e8b2b8ba3.jpg', 1.00, 0.00, '', 56, 100, '2016-01-15 09:58:24', 1, '', '', '', 0, '', '1', 1, 0, '', '', 0, 0),
(133, '乌江鲜香味凉拌海带丝', '/Public/Home/images/2016-01-15/5643e8eebc467.jpg', 2.00, 0.00, '', 56, 100, '2016-01-15 09:58:24', 1, '', '', '', 0, '', '1', 1, 0, '', '', 0, 0),
(134, '百奇巧克力味', '/Public/Home/images/2016-01-15/5643e945e02ec.jpg', 5.00, 0.00, '', 39, 100, '2016-01-15 09:58:24', 1, '', '', '', 0, '', '1', 1, 0, '', '', 0, 0),
(135, '百奇牛奶味', '/Public/Home/images/2016-01-15/5643e971e7420.jpg', 5.00, 0.00, '', 39, 100, '2016-01-15 09:58:24', 1, '', '', '', 0, '', '1', 1, 0, '', '', 0, 0),
(136, '百醇抹茶慕斯味', '/Public/Home/images/2016-01-15/5643e99968d75.jpg', 5.00, 0.00, '', 39, 100, '2016-01-15 09:58:24', 1, '', '', '', 0, '', '1', 1, 0, '', '', 0, 0),
(137, '百醇红酒巧克力味', '/Public/Home/images/2016-01-15/5643e9bfe5315.jpg', 5.00, 0.00, '', 39, 100, '2016-01-15 09:58:24', 1, '', '', '', 0, '', '1', 1, 0, '', '', 0, 0),
(138, '贵州茅台53度', '/Public/Home/images/2016-01-15/5643e9f2de6e4.jpg', 900.00, 0.00, '', 33, 100, '2016-01-15 09:58:24', 1, '', '', '', 0, '', '1', 1, 0, '', '', 0, 0),
(139, '佳洁士草本水晶牙膏', '/Public/Home/images/2016-01-15/5643ea29a0551.jpg', 3.00, 0.00, '', 61, 10, '2016-01-15 09:58:24', 1, '', '', '', 0, '', '1', 1, 0, '', '', 0, 0),
(140, '佳洁士盐白牙膏', '/Public/Home/images/2016-01-15/5643ea56b82bf.jpg', 3.00, 0.00, '', 61, 100, '2016-01-15 09:58:24', 1, '', '', '', 0, '', '1', 1, 0, '', '', 0, 0),
(141, '飘柔洗发露兰花400ML', '/Public/Home/images/2016-01-15/5643ea962fb0e.jpg', 17.00, 0.00, '', 60, 100, '2016-01-15 09:58:24', 1, '', '', '', 0, '', '1', 1, 0, '', '', 0, 0),
(142, '飘柔洗发露杏仁400ML', '/Public/Home/images/2016-01-15/5643eabd7c630.jpg', 17.00, 0.00, '', 60, 50, '2016-01-15 09:58:24', 1, '', '', '', 0, '', '1', 1, 0, '', '', 0, 0),
(143, '飘柔洗发露山茶400ML', '/Public/Home/images/2016-01-15/5643eae4e3bb6.jpg', 17.00, 0.00, '', 60, 50, '2016-01-15 09:58:24', 1, '', '', '', 0, '', '1', 1, 0, '', '', 0, 0),
(144, '海飞丝洗发露丝质柔滑400ML', '/Public/Home/images/2016-01-15/5643eb208a411.jpg', 47.00, 0.00, '', 60, 50, '2016-01-15 09:58:24', 1, '', '', '', 0, '', '1', 1, 0, '', '', 0, 0),
(145, '海飞丝去屑洗发露丝质柔滑型200ML', '/Public/Home/images/2016-01-15/5643eb46c4c9b.jpg', 26.00, 0.00, '', 60, 50, '2016-01-15 09:58:24', 1, '', '', '', 0, '', '1', 1, 0, '', '', 0, 0),
(146, '海飞丝去屑怡身冰凉型400ML', '/Public/Home/images/2016-01-15/5643eb6de7651.jpg', 47.00, 0.00, '', 60, 50, '2016-01-15 09:58:24', 1, '', '', '', 0, '', '1', 1, 0, '', '', 0, 0),
(147, '海飞丝去屑洗发露怡神冰凉型200ML', '/Public/Home/images/2016-01-15/5643eb9893cec.jpg', 26.00, 0.00, '', 60, 50, '2016-01-15 09:58:24', 1, '', '', '', 0, '', '1', 1, 0, '', '', 0, 0),
(148, '海飞丝去屑洗发露清爽去油400ML', '/Public/Home/images/2016-01-15/5643ebbf88013.jpg', 47.00, 0.00, '', 60, 50, '2016-01-15 09:58:24', 1, '', '', '', 0, '', '1', 1, 0, '', '', 0, 0),
(149, '海飞丝去屑洗发露清爽型200ML', '/Public/Home/images/2016-01-15/5643ebe4187c0.jpg', 26.00, 0.00, '', 60, 50, '2016-01-15 09:58:24', 1, '', '', '', 0, '', '1', 1, 0, '', '', 0, 0),
(150, '海飞丝去屑洗发露深层洁净400ML', '/Public/Home/images/2016-01-15/5643ec0ce95fd.jpg', 47.00, 0.00, '', 60, 50, '2016-01-15 09:58:24', 1, '', '', '', 0, '', '1', 1, 0, '', '', 0, 0),
(151, '海飞丝去屑洗发露型深层洁净200ML', '/Public/Home/images/2016-01-15/5643ec3590b12.jpg', 26.00, 0.00, '', 60, 50, '2016-01-15 09:58:24', 1, '', '', '', 0, '', '1', 1, 0, '', '', 0, 0),
(152, '海飞丝去屑洗发露黑亮强韧400ML', '/Public/Home/images/2016-01-15/5643ec5f4b152.jpg', 47.00, 0.00, '', 60, 50, '2016-01-15 09:58:24', 1, '', '', '', 0, '', '1', 1, 0, '', '', 0, 0),
(153, '海飞丝去屑洗发露黑亮强韧200ML', '/Public/Home/images/2016-01-15/5643eca48c73e.jpg', 26.00, 0.00, '', 60, 50, '2016-01-15 09:58:24', 1, '', '', '', 0, '', '1', 1, 0, '', '', 0, 0),
(154, '海飞丝去屑洗发露海洋活力型400ML', '/Public/Home/images/2016-01-15/5643ecd123b1a.jpg', 47.00, 0.00, '', 60, 50, '2016-01-15 09:58:24', 1, '', '', '', 0, '', '1', 1, 0, '', '', 0, 0),
(155, '海飞丝去屑洗发露活力海洋型200ML', '/Public/Home/images/2016-01-15/5643ecf94096c.jpg', 26.00, 0.00, '', 60, 50, '2016-01-15 09:58:24', 1, '', '', '', 0, '', '1', 1, 0, '', '', 0, 0),
(156, '海飞丝去屑洗发露柔润滋养型400ML', '/Public/Home/images/2016-01-15/5643ed50cdde5.jpg', 47.00, 0.00, '', 60, 50, '2016-01-15 09:58:24', 1, '', '', '', 0, '', '1', 1, 0, '', '', 0, 0),
(157, '舒肤佳芦荟沐浴露200ML', '/Public/Home/images/2016-01-15/5643ed910d9e5.jpg', 13.00, 0.00, '', 62, 50, '2016-01-15 09:58:24', 1, '', '', '', 0, '', '1', 1, 0, '', '', 0, 0),
(158, '舒肤佳金银花沐浴露200ML', '/Public/Home/images/2016-01-15/5643edb6c48f5.jpg', 13.00, 0.00, '', 62, 50, '2016-01-15 09:58:24', 1, '', '', '', 0, '', '1', 1, 0, '', '', 0, 0),
(159, '舒肤佳沐浴露柠檬200ML', '/Public/Home/images/2016-01-15/5643eddd69269.jpg', 13.00, 0.00, '', 62, 50, '2016-01-15 09:58:24', 1, '', '', '', 0, '', '1', 1, 0, '', '', 0, 0),
(160, '舒肤佳薄荷沐浴露200ML', '/Public/Home/images/2016-01-15/5643ee075dcac.jpg', 13.00, 0.00, '', 62, 50, '2016-01-15 09:58:24', 1, '', '', '', 0, '', '1', 1, 0, '', '', 0, 0),
(161, '舒肤佳维他命E沐浴露200ML', '/Public/Home/images/2016-01-15/5643ee29b29ae.jpg', 13.00, 0.00, '', 62, 50, '2016-01-15 09:58:24', 1, '', '', '', 0, '', '1', 1, 0, '', '', 0, 0),
(162, '汰渍全效炫白洗衣皂', '/Public/Home/images/2016-01-15/5643ee66d58a7.jpg', 4.00, 0.00, '', 60, 50, '2016-01-15 09:58:24', 1, '', '', '', 0, '', '1', 1, 0, '', '', 0, 0),
(163, '飘柔丝滑轻盈护发素200ML', '/Public/Home/images/2016-01-15/5643f2c5cf870.jpg', 7.00, 0.00, '', 60, 50, '2016-01-15 09:58:24', 1, '', '', '', 0, '', '1', 1, 0, '', '', 0, 0),
(164, '飘柔水润滋养护发素200ML', '/Public/Home/images/2016-01-15/5643f2f0c6675.jpg', 7.00, 0.00, '', 60, 50, '2016-01-15 09:58:24', 1, '', '', '', 0, '', '1', 1, 0, '', '', 0, 0),
(165, '汰渍净白去渍', '/Public/Home/images/2016-01-15/5643f34856664.jpg', 12.00, 0.00, '', 59, 50, '2016-01-15 09:58:24', 1, '', '', '', 0, '', '1', 1, 0, '', '', 0, 0),
(166, '舒肤佳纯白沐浴露200ML', '/Public/Home/images/2016-01-15/5643f3a65e623.jpg', 13.00, 0.00, '', 62, 50, '2016-01-15 09:58:24', 1, '', '', '', 0, '', '1', 1, 0, '', '', 0, 0),
(167, '护舒宝棉柔日用', '/Public/Home/images/2016-01-15/5643f3e99568b.jpg', 4.00, 0.00, '', 61, 50, '2016-01-15 09:58:24', 1, '', '', '', 0, '', '1', 1, 0, '', '', 0, 0),
(168, '护舒宝夜用棉柔10片280mm', '/Public/Home/images/2016-01-15/5643f40bcfb49.jpg', 4.00, 0.00, '', 61, 100, '2016-01-15 09:58:24', 1, '', '', '', 0, '', '1', 1, 0, '', '', 0, 0),
(169, '潘婷丝质顺滑精华素200ML', '/Public/Home/images/2016-01-15/5643f46b1e4f5.jpg', 18.00, 0.00, '', 60, 100, '2016-01-15 09:58:24', 1, '', '', '', 0, '', '1', 1, 0, '', '', 0, 0),
(170, '潘婷乳液修复洗发露400ML', '/Public/Home/images/2016-01-15/5643f4949183e.jpg', 33.00, 0.00, '', 60, 100, '2016-01-15 09:58:24', 1, '', '', '', 0, '', '1', 1, 0, '', '', 0, 0),
(171, '潘婷丝质润滑洗发露400ML', '/Public/Home/images/2016-01-15/5643f4bb84c4e.jpg', 33.00, 0.00, '', 60, 1000, '2016-01-15 09:58:24', 1, '', '', '', 0, '', '1', 1, 0, '', '', 0, 0),
(172, '潘婷乳液修护发素200ML', '/Public/Home/images/2016-01-15/5643f4e9644e3.jpg', 18.00, 0.00, '', 60, 100, '2016-01-15 09:58:24', 1, '', '', '', 0, '', '1', 1, 0, '', '', 0, 0),
(173, '潘婷柔顺直发洗发露400ML', '/Public/Home/images/2016-01-15/5643f515483ae.jpg', 33.00, 0.00, '', 60, 100, '2016-01-15 09:58:24', 1, '', '', '', 0, '', '1', 1, 0, '', '', 0, 0),
(174, '潘婷丝质润滑去屑洗发露400ML', '/Public/Home/images/2016-01-15/5643f53cc26da.jpg', 33.00, 0.00, '', 60, 100, '2016-01-15 09:58:24', 1, '', '', '', 0, '', '1', 1, 0, '', '', 0, 0),
(175, '潘婷乌黑莹亮洗发露400ML', '/Public/Home/images/2016-01-15/5643f5809ebb2.jpg', 33.00, 0.00, '', 60, 100, '2016-01-15 09:58:24', 1, '', '', '', 0, '', '1', 1, 0, '', '', 0, 0),
(176, '汰渍全效360（小）', '/Public/Home/images/2016-01-15/5643f5d38df2c.jpg', 20.00, 0.00, '', 59, 100, '2016-01-15 09:58:24', 1, '', '', '', 0, '', '1', 1, 0, '', '', 0, 0),
(177, '汰渍全效360', '/Public/Home/images/2016-01-15/5643f5fa80a08.jpg', 38.00, 0.00, '', 59, 50, '2016-01-15 09:58:24', 1, '', '', '', 0, '', '1', 1, 0, '', '', 0, 0),
(178, '海飞丝去屑洗发露止痒200ML', '/Public/Home/images/2016-01-15/5643f64d3d131.jpg', 26.00, 0.00, '', 60, 50, '2016-01-15 09:58:24', 1, '', '', '', 0, '', '1', 1, 0, '', '', 0, 0),
(179, '飘柔洗发露芦荟400ML', '/Public/Home/images/2016-01-15/5643f685d072e.jpg', 17.00, 0.00, '', 60, 100, '2016-01-15 09:58:24', 1, '', '', '', 0, '', '1', 1, 0, '', '', 0, 0),
(180, '飘柔洗发露葵花籽400ML', '/Public/Home/images/2016-01-15/5643f6abb0626.jpg', 17.00, 0.00, '', 60, 100, '2016-01-15 09:58:24', 1, '', '', '', 0, '', '1', 1, 0, '', '', 0, 0),
(181, '汰渍薰衣草洗衣液（小）', '/Public/Home/images/2016-01-15/5643f7068d3c7.jpg', 20.00, 0.00, '', 59, 100, '2016-01-15 09:58:24', 1, '', '', '', 0, '', '1', 1, 0, '', '', 0, 0),
(182, '汰渍薰衣草洗衣液', '/Public/Home/images/2016-01-15/5643f72b3ea76.jpg', 38.00, 0.00, '', 59, 50, '2016-01-15 09:58:24', 1, '', '', '', 0, '', '1', 1, 0, '', '', 0, 0),
(183, '舒肤佳柠檬清新型香皂', '/Public/Home/images/2016-01-15/5643f758b3e8f.jpg', 5.00, 0.00, '', 61, 50, '2016-01-15 09:58:24', 1, '', '', '', 0, '', '1', 1, 0, '', '', 0, 0),
(184, '舒肤佳芦荟香皂', '/Public/Home/images/2016-01-15/5643f77903985.jpg', 5.00, 0.00, '', 61, 100, '2016-01-15 09:58:24', 1, '', '', '', 0, '', '1', 1, 0, '', '', 0, 0),
(185, '舒肤佳纯白清香型', '/Public/Home/images/2016-01-15/5643f79d121b2.jpg', 5.00, 0.00, '', 61, 100, '2016-01-15 09:58:24', 1, '', '', '', 0, '', '1', 1, 0, '', '', 0, 0),
(186, '汰渍全效360洗衣皂', '/Public/Home/images/2016-01-15/5643f808e9ebf.jpg', 4.00, 0.00, '', 59, 100, '2016-01-15 09:58:24', 1, '', '', '', 0, '', '1', 1, 0, '', '', 0, 0),
(187, '潘婷烫染修复洗发露400ML', '/Public/Home/images/2016-01-15/5643f86910e7a.jpg', 33.00, 0.00, '', 60, 100, '2016-01-15 09:58:24', 1, '', '', '', 0, '', '1', 1, 0, '', '', 0, 0),
(188, '潘婷乳液修复精华素200ML', '/Public/Home/images/2016-01-15/5643f8c92461d.jpg', 18.00, 0.00, '', 60, 100, '2016-01-15 09:58:24', 1, '', '', '', 0, '', '1', 1, 0, '', '', 0, 0),
(189, '碧浪专业去渍洗衣皂(茉莉香型)', '/Public/Home/images/2016-01-15/5643f9744dddc.jpg', 4.00, 0.00, '', 59, 100, '2016-01-15 09:58:24', 1, '', '', '', 0, '', '1', 1, 0, '', '', 0, 0),
(190, '佳洁士炫白双效牙膏', '/Public/Home/images/2016-01-15/5643f9c75c603.jpg', 8.00, 0.00, '', 61, 100, '2016-01-15 09:58:24', 1, '', '', '', 0, '', '1', 1, 0, '', '', 0, 0),
(191, '碧浪洁护如新洗衣液', '/Public/Home/images/2016-01-15/5643fa343df21.jpg', 23.00, 0.00, '', 59, 50, '2016-01-15 09:58:24', 1, '', '', '', 0, '', '1', 1, 0, '', '', 0, 0),
(192, '碧浪洁护如新洗衣液', '/Public/Home/images/2016-01-15/5643fa5986eda.jpg', 39.00, 0.00, '', 59, 10, '2016-01-15 09:58:24', 1, '', '', '', 0, '', '1', 1, 0, '', '', 0, 0),
(193, '潘婷丝质顺滑洗发露170ML', '/Public/Home/images/2016-01-15/5643faa7d4109.jpg', 16.00, 0.00, '', 60, 50, '2016-01-15 09:58:24', 1, '', '', '', 0, '', '1', 1, 0, '', '', 0, 0),
(194, '潘婷丝质顺滑去屑洗发露170ML', '/Public/Home/images/2016-01-15/5643fbbe3cf27.jpg', 16.00, 0.00, '', 60, 10, '2016-01-15 09:58:24', 1, '', '', '', 0, '', '1', 1, 0, '', '', 0, 0),
(195, '海飞丝男士屑洗发露净爽型200ML', '/Public/Home/images/2016-01-15/5643fc08eb3c5.jpg', 25.00, 0.00, '', 60, 50, '2016-01-15 09:58:24', 1, '', '', '', 0, '', '1', 1, 0, '', '', 0, 0),
(196, '潘婷乳液修复洗发露170ML', '/Public/Home/images/2016-01-15/5643fc2e6aa25.png', 16.00, 0.00, '', 60, 50, '2016-01-15 09:58:24', 1, '', '', '', 0, '', '1', 1, 0, '', '', 0, 0),
(197, '潘婷烫染修复洗发露170ML', '/Public/Home/images/2016-01-15/5643fc52639a9.jpg', 16.00, 0.00, '', 60, 100, '2016-01-15 09:58:24', 1, '', '', '', 0, '', '1', 1, 0, '', '', 0, 0),
(198, '舒肤佳蜂蜜沐浴露200ML', '/Public/Home/images/2016-01-15/5643fc8ad4d5f.png', 13.00, 0.00, '', 62, 100, '2016-01-15 09:58:24', 1, '', '', '', 0, '', '1', 1, 0, '', '', 0, 0),
(199, '舒肤佳薰衣草沐浴露200ML', '/Public/Home/images/2016-01-15/5643fcd4d662b.jpg', 13.00, 0.00, '', 62, 50, '2016-01-15 09:58:24', 1, '', '', '', 0, '', '1', 1, 0, '', '', 0, 0),
(200, '舒肤佳蜂蜜香皂', '/Public/Home/images/2016-01-15/5643fcfc01cda.jpg', 5.00, 0.00, '', 61, 100, '2016-01-15 09:58:24', 1, '', '', '', 0, '', '1', 1, 0, '', '', 0, 0),
(201, '舒肤佳薰衣草香皂', '/Public/Home/images/2016-01-15/5643fd1f04abc.jpg', 5.00, 0.00, '', 61, 100, '2016-01-15 09:58:24', 1, '', '', '', 0, '', '1', 1, 0, '', '', 0, 0),
(202, '潘婷水润滋养精华素200ML', '/Public/Home/images/2016-01-15/5643fd51e7b71.jpg', 18.00, 0.00, '', 60, 100, '2016-01-15 09:58:24', 1, '', '', '', 0, '', '1', 1, 0, '', '', 0, 0),
(203, '飘柔洗发露（兰花）', '/Public/Home/images/2016-01-15/5643fd8bf2347.jpg', 8.00, 0.00, '', 60, 50, '2016-01-15 09:58:24', 1, '', '', '', 0, '', '1', 1, 0, '', '', 0, 0),
(204, '飘柔洗发露（兰花洁顺）', '/Public/Home/images/2016-01-15/5643fdb08e666.jpg', 8.00, 0.00, '', 60, 10, '2016-01-15 09:58:24', 1, '', '', '', 0, '', '1', 1, 0, '', '', 0, 0),
(205, '飘柔洗发露绿茶190ML', '/Public/Home/images/2016-01-15/5643fdebe1d9e.jpg', 8.00, 0.00, '', 60, 10, '2016-01-15 09:58:24', 1, '', '', '', 0, '', '1', 1, 0, '', '', 0, 0),
(206, '飘柔洗发露（芦荟）', '/Public/Home/images/2016-01-15/5643fe28eb95c.jpg', 8.00, 0.00, '', 60, 10, '2016-01-15 09:58:24', 1, '', '', '', 0, '', '1', 1, 0, '', '', 0, 0),
(207, '飘柔洗发露葵花籽190ML', '/Public/Home/images/2016-01-15/5643fea1b88bd.jpg', 8.00, 0.00, '', 60, 100, '2016-01-15 09:58:24', 1, '', '', '', 0, '', '1', 1, 0, '', '', 0, 0),
(208, '飘柔洗发露（山茶）', '/Public/Home/images/2016-01-15/5643fec67625c.jpg', 8.00, 0.00, '', 60, 100, '2016-01-15 09:58:24', 1, '', '', '', 0, '', '1', 1, 0, '', '', 0, 0),
(209, '七度空间棉柔花垫18片', '/Public/Home/images/2016-01-15/5643ff0f9bbb7.jpg', 4.00, 0.00, '', 61, 100, '2016-01-15 09:58:24', 1, '', '', '', 0, '', '1', 1, 0, '', '', 0, 0),
(210, '七度空间冰感护垫28片', '/Public/Home/images/2016-01-15/5643ff334e5a8.jpg', 4.00, 0.00, '', 61, 100, '2016-01-15 09:58:24', 1, '', '', '', 0, '', '1', 1, 0, '', '', 0, 0),
(211, '心相印卷纸1800g', '/Public/Home/images/2016-01-15/5643ff7a7b52d.jpg', 23.00, 0.00, '', 57, 100, '2016-01-15 09:58:24', 1, '', '', '', 0, '', '1', 1, 0, '', '', 0, 0),
(212, '高露洁深洁牙刷', '/Public/Home/images/2016-01-15/5643ffc175192.jpg', 2.00, 0.00, '', 61, 50, '2016-01-15 09:58:24', 1, '', '', '', 0, '', '1', 1, 0, '', '', 0, 0),
(213, '柔柔瞬吸贴身棉柔日用10片240', '/Public/Home/images/2016-01-15/56440020d86c6.png', 3.00, 0.00, '', 61, 100, '2016-01-15 09:58:24', 1, '', '', '', 0, '', '1', 1, 0, '', '', 0, 0),
(214, '柔柔瞬吸贴身棉柔10片290', '/Public/Home/images/2016-01-15/5644004582bd2.jpg', 4.00, 0.00, '', 61, 100, '2016-01-15 09:58:24', 1, '', '', '', 0, '', '1', 1, 0, '', '', 0, 0),
(215, '中国劲酒', '/Public/Home/images/2016-01-15/5644007e1ddfe.jpg', 8.00, 0.00, '', 33, 100, '2016-01-15 09:58:24', 1, '', '', '', 0, '', '1', 1, 0, '', '', 0, 0),
(216, '中国劲酒258ML', '/Public/Home/images/2016-01-15/564400a107f01.jpg', 17.00, 0.00, '', 33, 10, '2016-01-15 09:58:24', 1, '', '', '', 0, '', '1', 1, 0, '', '', 0, 0),
(217, '上好佳鲜虾条（小）', '/Public/Home/images/2016-01-15/564400de61021.jpg', 3.00, 0.00, '', 39, 10, '2016-01-15 09:58:24', 1, '', '', '', 0, '', '1', 1, 0, '', '', 0, 0),
(218, '上好佳鲜虾片（小）', '/Public/Home/images/2016-01-15/564401028d58f.jpg', 3.00, 0.00, '', 39, 50, '2016-01-15 09:58:24', 1, '', '', '', 0, '', '1', 1, 0, '', '', 0, 0),
(219, '上好佳栗米条草莓口味', '/Public/Home/images/2016-01-15/5644012fd7402.jpg', 3.00, 0.00, '', 39, 50, '2016-01-15 09:58:24', 1, '', '', '', 0, '', '1', 1, 0, '', '', 0, 0),
(220, '上好佳栗米条朱古力口味', '/Public/Home/images/2016-01-15/56440156b5d65.jpg', 3.00, 0.00, '', 39, 50, '2016-01-15 09:58:24', 1, '', '', '', 0, '', '1', 1, 0, '', '', 0, 0),
(221, '上好佳棉花糖绿苹果口味', '/Public/Home/images/2016-01-15/56440194b41c7.jpg', 3.00, 0.00, '', 39, 50, '2016-01-15 09:58:24', 1, '', '', '', 0, '', '1', 1, 0, '', '', 0, 0),
(222, '上好佳棉花糖香草口味', '/Public/Home/images/2016-01-15/564401c36a381.jpg', 3.00, 0.00, '', 39, 50, '2016-01-15 09:58:24', 1, '', '', '', 0, '', '1', 1, 0, '', '', 0, 0),
(223, '上好佳棉花糖草莓口味', '/Public/Home/images/2016-01-15/564401ec5e181.jpg', 3.00, 0.00, '', 39, 50, '2016-01-15 09:58:24', 1, '', '', '', 0, '', '1', 1, 0, '', '', 0, 0),
(224, '上好佳田园薯片番茄口味', '/Public/Home/images/2016-01-15/564402336b71a.jpg', 3.00, 0.00, '', 39, 50, '2016-01-15 09:58:24', 1, '', '', '', 0, '', '1', 1, 0, '', '', 0, 0),
(225, '上好佳田园薯片香辣口味', '/Public/Home/images/2016-01-15/5644025da37c4.jpg', 3.00, 0.00, '', 39, 50, '2016-01-15 09:58:24', 1, '', '', '', 0, '', '1', 1, 0, '', '', 0, 0),
(226, '上好佳田园薯片烤肉口味', '/Public/Home/images/2016-01-15/564402825b25f.jpg', 3.00, 0.00, '', 39, 50, '2016-01-15 09:58:24', 1, '', '', '', 0, '', '1', 1, 0, '', '', 0, 0),
(227, '六必居酱150G', '/Public/Home/images/2016-01-15/56440369e8c64.jpg', 1.00, 0.00, '', 52, 50, '2016-01-15 09:58:24', 1, '', '', '', 0, '', '1', 1, 0, '', '', 0, 0),
(228, '六必居腐乳', '/Public/Home/images/2016-01-15/564403c155329.jpg', 6.00, 0.00, '', 52, 100, '2016-01-15 09:58:24', 1, '', '', '', 0, '', '1', 1, 0, '', '', 0, 0),
(229, '六必居纯芝麻酱', '/Public/Home/images/2016-01-15/564403f07b5ad.jpg', 8.00, 0.00, '', 55, 50, '2016-01-15 09:58:24', 1, '', '', '', 0, '', '1', 1, 0, '', '', 0, 0),
(230, '六必居百分百纯芝麻香油', '/Public/Home/images/2016-01-15/56440435b6a3f.jpg', 10.00, 0.00, '', 48, 50, '2016-01-15 09:58:24', 1, '', '', '', 0, '', '1', 1, 0, '', '', 0, 0),
(231, '六必居料酒', '/Public/Home/images/2016-01-15/564404983fcab.jpeg', 5.00, 0.00, '', 45, 50, '2016-01-15 09:58:24', 1, '', '', '', 0, '', '1', 1, 0, '', '', 0, 0),
(232, '六必居精品老抽100%酿造酱油', '/Public/Home/images/2016-01-15/56440514ab9fd.jpg', 5.00, 0.00, '', 42, 50, '2016-01-15 09:58:24', 1, '', '', '', 0, '', '1', 1, 0, '', '', 0, 0),
(233, '六必居白醋500ml', '/Public/Home/images/2016-01-15/56440538810c8.jpg', 5.00, 0.00, '', 43, 50, '2016-01-15 09:58:24', 1, '', '', '', 0, '', '1', 1, 0, '', '', 0, 0),
(234, '三笑纤丝深洁牙刷', '/Public/Home/images/2016-01-15/56440579464eb.jpg', 2.00, 0.00, '', 61, 50, '2016-01-15 09:58:24', 1, '', '', '', 0, '', '1', 1, 0, '', '', 0, 0),
(235, '阿尔卑斯原味牛奶软糖', '/Public/Home/images/2016-01-15/56441f773e019.jpg', 1.00, 0.00, '', 41, 100, '2016-01-15 09:58:24', 1, '', '', '', 0, '', '1', 1, 0, '', '', 0, 0),
(236, '阿尔卑斯特质纯真高级牛奶硬糖', '/Public/Home/images/2016-01-15/56441fa33eb8e.jpg', 1.00, 0.00, '', 41, 100, '2016-01-15 09:58:24', 1, '', '', '', 0, '', '1', 1, 0, '', '', 0, 0),
(237, '阿尔卑斯硬糖草莓味', '/Public/Home/images/2016-01-15/56441fdb434f4.jpg', 1.00, 0.00, '', 41, 100, '2016-01-15 09:58:24', 1, '', '', '', 0, '', '1', 1, 0, '', '', 0, 0),
(238, '阿尔卑斯芒果牛奶味硬糖', '/Public/Home/images/2016-01-15/5644201adc381.jpg', 0.00, 0.00, '', 41, 100, '2016-01-15 09:58:24', 1, '', '', '', 0, '', '1', 1, 0, '', '', 0, 0),
(239, '阿尔卑斯香草可乐味硬糖', '/Public/Home/images/2016-01-15/564420451a390.jpg', 0.00, 0.00, '', 41, 100, '2016-01-15 09:58:24', 1, '', '', '', 0, '', '1', 1, 0, '', '', 0, 0),
(240, '阿尔卑斯高级牛奶味硬糖', '/Public/Home/images/2016-01-15/5644206e79ba5.jpg', 0.00, 0.00, '', 41, 100, '2016-01-15 09:58:24', 1, '', '', '', 0, '', '1', 1, 0, '', '', 0, 0),
(241, '阿尔卑斯草莓牛奶味硬糖', '/Public/Home/images/2016-01-15/56442097351a8.jpg', 0.00, 0.00, '', 41, 100, '2016-01-15 09:58:24', 1, '', '', '', 0, '', '1', 1, 0, '', '', 0, 0),
(242, '阿尔卑斯柠檬牛奶味硬糖', '/Public/Home/images/2016-01-15/564420cc3663b.jpg', 0.00, 0.00, '', 41, 100, '2016-01-15 09:58:24', 1, '', '', '', 0, '', '1', 1, 0, '', '', 0, 0),
(243, '阿尔卑斯热带水果奶味硬糖', '/Public/Home/images/2016-01-15/564420f61b1d6.jpg', 0.00, 0.00, '', 41, 100, '2016-01-15 09:58:24', 1, '', '', '', 0, '', '1', 1, 0, '', '', 0, 0),
(244, '阿尔卑斯硬糖香橙味', '/Public/Home/images/2016-01-15/56442121cabe8.jpg', 1.00, 0.00, '', 41, 100, '2016-01-15 09:58:24', 1, '', '', '', 0, '', '1', 1, 0, '', '', 0, 0),
(245, '达利园派草莓味', '/Public/Home/images/2016-01-15/56442174dd18f.jpg', 5.00, 0.00, '', 41, 100, '2016-01-15 09:58:24', 1, '', '', '', 0, '', '1', 1, 0, '', '', 0, 0),
(246, '达利园熊字饼', '/Public/Home/images/2016-01-15/564421bd8c2e5.jpg', 2.00, 0.00, '', 38, 100, '2016-01-15 09:58:24', 1, '', '', '', 0, '', '1', 1, 0, '', '', 0, 0),
(247, '达利园手指饼', '/Public/Home/images/2016-01-15/564421e3ec29e.jpg', 2.00, 0.00, '', 38, 100, '2016-01-15 09:58:24', 1, '', '', '', 0, '', '1', 1, 0, '', '', 0, 0),
(248, '达利园字母饼', '/Public/Home/images/2016-01-15/56442228a5339.jpg', 2.00, 0.00, '', 38, 100, '2016-01-15 09:58:24', 1, '', '', '', 0, '', '1', 1, 0, '', '', 0, 0),
(249, '达利园派蛋黄味', '/Public/Home/images/2016-01-15/56442260db453.jpg', 5.00, 0.00, '', 38, 100, '2016-01-15 09:58:24', 1, '', '', '', 0, '', '1', 1, 0, '', '', 0, 0),
(250, '达利园派巧克力味', '/Public/Home/images/2016-01-15/5644229319890.jpg', 5.00, 0.00, '', 38, 100, '2016-01-15 09:58:24', 1, '', '', '', 0, '', '1', 1, 0, '', '', 0, 0),
(251, '达利园法式小面包', '/Public/Home/images/2016-01-15/564422d956f1b.jpg', 4.00, 0.00, '', 38, 100, '2016-01-15 09:58:24', 1, '', '', '', 0, '', '1', 1, 0, '', '', 0, 0),
(252, '达利园瑞士卷草莓味', '/Public/Home/images/2016-01-15/5644230682e40.jpg', 5.00, 0.00, '', 38, 100, '2016-01-15 09:58:24', 1, '', '', '', 0, '', '1', 1, 0, '', '', 0, 0),
(253, '达利园瑞士卷香橙味', '/Public/Home/images/2016-01-15/5644232f13d79.jpg', 5.00, 0.00, '', 38, 100, '2016-01-15 09:58:24', 1, '', '', '', 0, '', '1', 1, 0, '', '', 0, 0),
(254, '达利园瑞士卷巧克力味', '/Public/Home/images/2016-01-15/5644235729947.jpg', 5.00, 0.00, '', 38, 100, '2016-01-15 09:58:24', 1, '', '', '', 0, '', '1', 1, 0, '', '', 0, 0),
(255, '达利园瑞士卷香蕉味', '/Public/Home/images/2016-01-15/5644237c68adc.jpg', 5.00, 0.00, '', 38, 100, '2016-01-15 09:58:24', 1, '', '', '', 0, '', '1', 1, 0, '', '', 0, 0),
(256, '达利园法式软面包（香奶味）', '/Public/Home/images/2016-01-15/564423b22774b.jpg', 4.00, 0.00, '', 38, 100, '2016-01-15 09:58:24', 1, '', '', '', 0, '', '1', 1, 0, '', '', 0, 0),
(257, '达利园法式软面包（香橙味）', '/Public/Home/images/2016-01-15/564423e175410.jpg', 4.00, 0.00, '', 38, 100, '2016-01-15 09:58:24', 1, '', '', '', 0, '', '1', 1, 0, '', '', 0, 0),
(258, '达利园花生牛奶原味', '/Public/Home/images/2016-01-15/564424370f5d7.jpg', 3.00, 0.00, '', 38, 100, '2016-01-15 09:58:24', 1, '', '', '', 0, '', '1', 1, 0, '', '', 0, 0),
(259, '达利园花生牛奶核桃味', '/Public/Home/images/2016-01-15/56442460a06c9.jpg', 3.00, 0.00, '', 38, 50, '2016-01-15 09:58:24', 1, '', '', '', 0, '', '1', 1, 0, '', '', 0, 0),
(260, '达利园欧式蛋糕', '/Public/Home/images/2016-01-15/56442499e60bc.jpg', 4.00, 0.00, '', 38, 100, '2016-01-15 09:58:24', 1, '', '', '', 0, '', '1', 1, 0, '', '', 0, 0),
(261, '乐虎', '/Public/Home/images/2016-01-15/564424d0f0a13.jpg', 3.00, 0.00, '', 36, 100, '2016-01-15 09:58:24', 1, '', '', '', 0, '', '1', 1, 0, '', '', 0, 0),
(262, '和其正凉茶(大)', '/Public/Home/images/2016-01-15/5644256437727.jpg', 3.00, 0.00, '', 36, 100, '2016-01-15 09:58:24', 1, '', '', '', 0, '', '1', 1, 0, '', '', 0, 0),
(263, '富裕老窖250ML', '/Public/Home/images/2016-01-15/5644262477d00.jpg', 4.00, 0.00, '', 33, 100, '2016-01-15 09:58:24', 1, '', '', '', 0, '', '1', 1, 0, '', '', 0, 0),
(264, '富裕老窖500ML', '/Public/Home/images/2016-01-15/5644265d515ea.jpg', 8.00, 0.00, '', 33, 10, '2016-01-15 09:58:24', 0, '', '', '', 0, '', '1', 1, 0, '', '', 0, 0),
(265, '富裕老窖花开富贵500ML', '/Public/Home/images/2016-01-15/564426afe615c.jpg', 18.00, 0.00, '', 33, 10, '2016-01-15 09:58:24', 0, '', '', '', 0, '', '1', 1, 0, '', '', 0, 0),
(266, '百事可乐（听）', '/Public/Home/images/2016-01-15/564426fd85724.jpg', 2.00, 0.00, '', 36, 10, '2016-01-15 09:58:24', 0, '', '', '', 0, '', '1', 1, 0, '', '', 0, 0),
(267, '七喜（听）', '/Public/Home/images/2016-01-15/5644273eb3dcd.jpg', 2.00, 0.00, '', 36, 100, '2016-01-15 09:58:24', 0, '', '', '', 0, '', '1', 1, 0, '', '', 0, 0),
(268, '美年达橙味（听）', '/Public/Home/images/2016-01-15/5644276db63a7.jpg', 2.00, 0.00, '', 36, 100, '2016-01-15 09:58:24', 0, '', '', '', 0, '', '1', 1, 0, '', '', 0, 0),
(269, '红牛', '/Public/Home/images/2016-01-15/56442808457b0.jpg', 5.00, 0.00, '', 36, 100, '2016-01-15 09:58:24', 0, '', '', '', 0, '', '1', 1, 0, '', '', 0, 0),
(270, '三和牌油浸型豆豉鱼罐头', '/Public/Home/images/2016-01-15/564428b67efd1.jpg', 6.00, 0.00, '', 50, 100, '2016-01-15 09:58:24', 0, '', '', '', 0, '', '1', 1, 0, '', '', 0, 0),
(271, '高露洁360', '/Public/Home/images/2016-01-15/564428fc428e3.jpg', 7.00, 0.00, '', 61, 10, '2016-01-15 09:58:24', 0, '', '', '', 0, '', '1', 1, 0, '', '', 0, 0),
(272, '高露洁草本牙膏', '/Public/Home/images/2016-01-15/5644293883bde.jpg', 3.00, 0.00, '', 61, 100, '2016-01-15 09:58:24', 0, '', '', '', 0, '', '1', 1, 0, '', '', 0, 0),
(273, '高露洁防蛀美白', '/Public/Home/images/2016-01-15/564429664904e.jpg', 3.00, 0.00, '', 61, 100, '2016-01-15 09:58:24', 0, '', '', '', 0, '', '1', 1, 0, '', '', 0, 0),
(274, '高露冰爽3重薄荷', '/Public/Home/images/2016-01-15/564429c3b7586.jpg', 6.00, 0.00, '', 61, 100, '2016-01-15 09:58:24', 0, '', '', '', 0, '', '1', 1, 0, '', '', 0, 0),
(275, '高露洁健康牙龈360', '/Public/Home/images/2016-01-15/56442a0d34d9d.jpg', 7.00, 0.00, '', 61, 100, '2016-01-15 09:58:24', 0, '', '', '', 0, '', '1', 1, 0, '', '', 0, 0),
(276, '高露洁光感白', '/Public/Home/images/2016-01-15/56442a4a38bf1.jpg', 7.00, 0.00, '', 61, 100, '2016-01-15 09:58:24', 0, '', '', '', 0, '', '1', 1, 0, '', '', 0, 0),
(277, '高露洁自然之萃牙刷', '/Public/Home/images/2016-01-15/56442a86da62c.jpg', 7.00, 0.00, '', 61, 100, '2016-01-15 09:58:24', 0, '', '', '', 0, '', '1', 1, 0, '', '', 0, 0),
(278, '高露洁自然之萃白珍珠牙刷2支', '/Public/Home/images/2016-01-15/56442abd36956.jpg', 7.00, 0.00, '', 61, 100, '2016-01-15 09:58:24', 0, '', '', '', 0, '', '1', 1, 0, '', '', 0, 0),
(279, '高露洁修护牙釉质360', '/Public/Home/images/2016-01-15/56442af484773.jpg', 7.00, 0.00, '', 61, 100, '2016-01-15 09:58:24', 0, '', '', '', 0, '', '1', 1, 0, '', '', 0, 0),
(280, '高露洁备长炭深洁', '/Public/Home/images/2016-01-15/56442b21822a0.jpg', 7.00, 0.00, '', 61, 100, '2016-01-15 09:58:24', 0, '', '', '', 0, '', '1', 1, 0, '', '', 0, 0),
(281, '高露洁茶健', '/Public/Home/images/2016-01-15/56442b52ad38f.jpg', 3.00, 0.00, '', 61, 100, '2016-01-15 09:58:24', 0, '', '', '', 0, '', '1', 1, 0, '', '', 0, 0),
(282, '高露洁超密倍洁牙刷', '/Public/Home/images/2016-01-15/56442b7f2d655.jpg', 4.00, 0.00, '', 61, 100, '2016-01-15 09:58:24', 0, '', '', '', 0, '', '1', 1, 0, '', '', 0, 0),
(283, '高露洁冰爽劲白', '/Public/Home/images/2016-01-15/56442bb1e4370.jpg', 6.00, 0.00, '', 61, 100, '2016-01-15 09:58:24', 0, '', '', '', 0, '', '1', 1, 0, '', '', 0, 0),
(284, '美味尽享智能蒸蛋器', '/Public/Home/images/2016-01-15/56442c2ba29df.jpg', 19.00, 0.00, '', 67, 100, '2016-01-15 09:58:24', 0, '', '', '', 0, '', '1', 1, 0, '', '', 0, 0),
(285, '牙签', '/Public/Home/images/2016-01-15/56442c701c887.jpg', 2.00, 0.00, '', 61, 10, '2016-01-15 09:58:24', 0, '', '', '', 0, '', '1', 1, 0, '', '', 0, 0),
(286, '康师傅红烧牛肉面(桶)', '/Public/Home/images/2016-01-15/56442f7dd05aa.jpg', 3.00, 0.00, '', 54, 100, '2016-01-15 09:58:24', 1, '', '', '', 0, '', '1', 1, 0, '', '', 0, 0),
(287, '康师傅鲜虾鱼板面(桶)', '/Public/Home/images/2016-01-15/56442fbdb6657.jpg', 3.00, 0.00, '', 54, 50, '2016-01-15 09:58:24', 1, '', '', '', 0, '', '1', 1, 0, '', '', 0, 0),
(288, '康师傅香辣牛肉面(桶)', '/Public/Home/images/2016-01-15/56442fe9986f1.jpg', 3.00, 0.00, '', 54, 100, '2016-01-15 09:58:24', 1, '', '', '', 0, '', '1', 1, 0, '', '', 0, 0),
(289, '康师傅酸辣牛肉面(桶)', '/Public/Home/images/2016-01-15/56443017f20f1.jpg', 3.00, 0.00, '', 54, 100, '2016-01-15 09:58:24', 1, '', '', '', 0, '', '1', 1, 0, '', '', 0, 0),
(290, '康师傅小鸡炖蘑菇面(桶)', '/Public/Home/images/2016-01-15/5644304798c07.jpg', 3.00, 0.00, '', 54, 100, '2016-01-15 09:58:24', 1, '', '', '', 0, '', '1', 1, 0, '', '', 0, 0),
(291, '康师傅西红柿鸡蛋打卤面(桶)', '/Public/Home/images/2016-01-15/56443078cf593.jpg', 3.00, 0.00, '', 54, 100, '2016-01-15 09:58:24', 1, '', '', '', 0, '', '1', 1, 0, '', '', 0, 0),
(292, '康师傅酸辣牛肉面', '/Public/Home/images/2016-01-15/564430de02528.jpg', 2.00, 0.00, '', 54, 100, '2016-01-15 09:58:24', 1, '', '', '', 0, '', '1', 1, 0, '', '', 0, 0),
(293, '康师傅小鸡炖蘑菇面', '/Public/Home/images/2016-01-15/56443107333c7.jpg', 2.00, 0.00, '', 54, 100, '2016-01-15 09:58:24', 1, '', '', '', 0, '', '1', 1, 0, '', '', 0, 0),
(294, '康师傅红烧排骨面(桶)', '/Public/Home/images/2016-01-15/5644313380899.jpg', 3.00, 0.00, '', 54, 100, '2016-01-15 09:58:24', 1, '', '', '', 0, '', '1', 1, 0, '', '', 0, 0),
(295, '康师傅红烧排骨面', '/Public/Home/images/2016-01-15/5644315a9fd14.jpg', 2.00, 0.00, '', 54, 100, '2016-01-15 09:58:24', 1, '', '', '', 0, '', '1', 1, 0, '', '', 0, 0),
(296, '康师傅西红柿鸡蛋打卤面', '/Public/Home/images/2016-01-15/56443188c8f04.jpg', 2.00, 0.00, '', 54, 100, '2016-01-15 09:58:24', 1, '', '', '', 0, '', '1', 1, 0, '', '', 0, 0),
(298, '好丽友蛋黄派(2枚)', '/Public/Home/images/2016-01-15/564432213384a.jpg', 3.00, 0.00, '', 38, 100, '2016-01-15 09:58:24', 1, '', '', '', 0, '', '1', 1, 0, '', '', 0, 0),
(299, '好丽友蛋黄派(12枚)', '/Public/Home/images/2016-01-15/56443259abe24.jpg', 16.00, 0.00, '', 38, 100, '2016-01-15 09:58:24', 1, '', '', '', 0, '', '1', 1, 0, '', '', 0, 0),
(300, '好丽友巧克力派（2枚）', '/Public/Home/images/2016-01-15/5644329d6951f.jpg', 3.00, 0.00, '', 38, 10, '2016-01-15 09:58:24', 1, '', '', '', 0, '', '1', 1, 0, '', '', 0, 0),
(301, '好丽友派巧克力味（6枚）', '/Public/Home/images/2016-01-15/564432e162d24.jpg', 8.00, 0.00, '', 38, 10, '2016-01-15 09:58:24', 1, '', '', '', 0, '', '1', 1, 0, '', '', 0, 0),
(302, '好丽友派巧克力味(12枚)', '/Public/Home/images/2016-01-15/564433115b875.jpg', 15.00, 0.00, '', 38, 100, '2016-01-15 09:58:24', 1, '', '', '', 0, '', '1', 1, 0, '', '', 0, 0),
(303, '好丽友提拉米苏6枚', '/Public/Home/images/2016-01-15/5644334c900c7.jpg', 9.00, 0.00, '', 38, 100, '2016-01-15 09:58:24', 1, '', '', '', 0, '', '1', 1, 0, '', '', 0, 0),
(304, '好丽友提拉米苏(12枚)', '/Public/Home/images/2016-01-15/5644337640a1c.jpg', 17.00, 0.00, '', 38, 100, '2016-01-15 09:58:24', 1, '', '', '', 0, '', '1', 1, 0, '', '', 0, 0),
(305, '好丽友可可派（6枚）', '/Public/Home/images/2016-01-15/564433aa819b7.jpg', 8.00, 0.00, '', 38, 100, '2016-01-15 09:58:24', 1, '', '', '', 0, '', '1', 1, 0, '', '', 0, 0),
(306, '好丽友可可派巧克力味（12枚）', '/Public/Home/images/2016-01-15/564433dd650de.jpg', 16.00, 0.00, '', 38, 100, '2016-01-15 09:58:24', 1, '', '', '', 0, '', '1', 1, 0, '', '', 0, 0),
(307, '好丽友双莓派(6枚)', '/Public/Home/images/2016-01-15/5644341023826.jpg', 7.00, 0.00, '', 38, 100, '2016-01-15 09:58:24', 1, '', '', '', 0, '', '1', 1, 0, '', '', 0, 0),
(308, '好丽友双莓派(12枚)', '/Public/Home/images/2016-01-15/5644343a98e6f.jpg', 14.00, 0.00, '', 38, 100, '2016-01-15 09:58:24', 1, '', '', '', 0, '', '1', 1, 0, '', '', 0, 0),
(309, 'Q蒂摩卡巧克力味', '/Public/Home/images/2016-01-15/56443482231bc.jpg', 18.00, 0.00, '', 38, 100, '2016-01-15 09:58:24', 1, '', '', '', 0, '', '1', 1, 0, '', '', 0, 0),
(310, 'Q蒂摩卡巧克力味(2枚)', '/Public/Home/images/2016-01-15/564434aa6091e.jpg', 3.00, 0.00, '', 38, 100, '2016-01-15 09:58:24', 1, '', '', '', 0, '', '1', 1, 0, '', '', 0, 0),
(311, 'Q蒂榛子巧克力味（6枚）', '/Public/Home/images/2016-01-15/5644350537437.jpg', 9.00, 0.00, '', 38, 100, '2016-01-15 09:58:24', 1, '', '', '', 0, '', '1', 1, 0, '', '', 0, 0),
(312, 'Q蒂榛子巧克力味（12枚）', '/Public/Home/images/2016-01-15/5644353221a26.jpg', 18.00, 0.00, '', 38, 100, '2016-01-15 09:58:24', 1, '', '', '', 0, '', '1', 1, 0, '', '', 0, 0),
(313, 'Q蒂榛子巧克力味(2枚)', '/Public/Home/images/2016-01-15/5644356827d6a.jpg', 3.00, 0.00, '', 38, 100, '2016-01-15 09:58:24', 1, '', '', '', 0, '', '1', 1, 0, '', '', 0, 0),
(314, '木糖醇口香糖热带水果味（101g）', '/Public/Home/images/2016-01-15/564435d9cc98f.jpg', 13.00, 0.00, '', 39, 100, '2016-01-15 09:58:24', 1, '', '', '', 0, '', '1', 1, 0, '', '', 0, 0),
(315, '木糖醇口香糖青苹薄荷味', '/Public/Home/images/2016-01-15/56443603201ac.jpeg', 4.00, 0.00, '', 39, 10, '2016-01-15 09:58:24', 1, '', '', '', 0, '', '1', 1, 0, '', '', 0, 0),
(316, '木糖醇口香糖苹果柠檬蜜桃味（101）', '/Public/Home/images/2016-01-15/5644364b7d489.jpg', 13.00, 0.00, '', 39, 10, '2016-01-15 09:58:24', 1, '', '', '', 0, '', '1', 1, 0, '', '', 0, 0),
(317, '木糖醇口香糖花香（101g）', '/Public/Home/images/2016-01-15/564436d509299.jpg', 13.00, 0.00, '', 39, 10, '2016-01-15 09:58:24', 1, '', '', '', 0, '', '1', 1, 0, '', '', 0, 0),
(318, '木糖醇口香糖檬檬哒青柠味', '/Public/Home/images/2016-01-15/564436fc705b8.jpg', 4.00, 0.00, '', 39, 10, '2016-01-15 09:58:24', 1, '', '', '', 0, '', '1', 1, 0, '', '', 0, 0),
(319, '木糖醇香甜蜜桃味', '/Public/Home/images/2016-01-15/56443725ba818.jpg', 8.00, 0.00, '', 39, 10, '2016-01-15 09:58:24', 1, '', '', '', 0, '', '1', 1, 0, '', '', 0, 0),
(320, '木糖醇清香芒果味', '/Public/Home/images/2016-01-15/5644374fa23e8.jpg', 8.00, 0.00, '', 39, 10, '2016-01-15 09:58:24', 1, '', '', '', 0, '', '1', 1, 0, '', '', 0, 0),
(321, '木糖醇醇香葡萄味', '/Public/Home/images/2016-01-15/56443778b6954.jpg', 8.00, 0.00, '', 39, 10, '2016-01-15 09:58:24', 1, '', '', '', 0, '', '1', 1, 0, '', '', 0, 0),
(322, '木糖醇清甜香瓜味', '/Public/Home/images/2016-01-15/564437a2ccc78.jpg', 8.00, 0.00, '', 39, 10, '2016-01-15 09:58:24', 1, '', '', '', 0, '', '1', 1, 0, '', '', 0, 0),
(323, '好多鱼鲜香海苔味', '/Public/Home/images/2016-01-15/5644381cef7b9.jpg', 4.00, 0.00, '', 39, 10, '2016-01-15 09:58:24', 1, '', '', '', 0, '', '1', 1, 0, '', '', 0, 0),
(324, '蘑古力红豆巧克力味', '/Public/Home/images/2016-01-15/5644385ddf371.jpg', 3.00, 0.00, '', 39, 10, '2016-01-15 09:58:24', 1, '', '', '', 0, '', '1', 1, 0, '', '', 0, 0),
(325, '好多鱼浓香茄汁味', '/Public/Home/images/2016-01-15/5644388934e12.jpg', 4.00, 0.00, '', 39, 100, '2016-01-15 09:58:24', 1, '', '', '', 0, '', '1', 1, 0, '', '', 0, 0),
(326, '好多鱼脆香烧烤味', '/Public/Home/images/2016-01-15/564438bb1b000.jpg', 4.00, 0.00, '', 39, 100, '2016-01-15 09:58:24', 1, '', '', '', 0, '', '1', 1, 0, '', '', 0, 0),
(327, '好多鱼蜜香鸡翅味', '/Public/Home/images/2016-01-15/564438e4c65a4.jpg', 4.00, 0.00, '', 39, 100, '2016-01-15 09:58:24', 1, '', '', '', 0, '', '1', 1, 0, '', '', 0, 0),
(328, '蘑古力榛子巧克力味', '/Public/Home/images/2016-01-15/5644391779e6e.jpg', 3.00, 0.00, '', 39, 100, '2016-01-15 09:58:24', 1, '', '', '', 0, '', '1', 1, 0, '', '', 0, 0),
(329, '呀！土豆（番茄酱味小）', '/Public/Home/images/2016-01-15/5644395d381fb.jpeg', 3.00, 0.00, '', 39, 100, '2016-01-15 09:58:24', 1, '', '', '', 0, '', '1', 1, 0, '', '', 0, 0),
(330, '呀！土豆（番茄酱味）', '/Public/Home/images/2016-01-15/5644398613128.jpg', 5.00, 0.00, '', 39, 50, '2016-01-15 09:58:24', 1, '', '', '', 0, '', '1', 1, 0, '', '', 0, 0),
(331, '呀！土豆（里脊牛排味）', '/Public/Home/images/2016-01-15/564439b8dade3.jpg', 3.00, 0.00, '', 39, 100, '2016-01-15 09:58:24', 1, '', '', '', 0, '', '1', 1, 0, '', '', 0, 0),
(332, '呀!土豆（里脊牛排味）', '/Public/Home/images/2016-01-15/564439e9c5a0e.jpg', 5.00, 0.00, '', 39, 100, '2016-01-15 09:58:24', 1, '', '', '', 0, '', '1', 1, 0, '', '', 0, 0),
(333, '呀！土豆（滋香烤鸡味小）', '/Public/Home/images/2016-01-15/56443a23bdbd2.jpg', 3.00, 0.00, '', 39, 100, '2016-01-15 09:58:24', 1, '', '', '', 0, '', '1', 1, 0, '', '', 0, 0),
(334, '呀！土豆（滋香烤鸡味）', '/Public/Home/images/2016-01-15/56443a55094b1.jpg', 5.00, 0.00, '', 39, 100, '2016-01-15 09:58:24', 1, '', '', '', 0, '', '1', 1, 0, '', '', 0, 0),
(335, '好友趣纯香原味', '/Public/Home/images/2016-01-15/56443a97e9ef4.jpg', 3.00, 0.00, '', 39, 100, '2016-01-15 09:58:24', 1, '', '', '', 0, '', '1', 1, 0, '', '', 0, 0),
(336, '好友趣纯香原味（大）', '/Public/Home/images/2016-01-15/56443acc0dc3d.jpg', 4.00, 0.00, '', 39, 100, '2016-01-15 09:58:24', 1, '', '', '', 0, '', '1', 1, 0, '', '', 0, 0),
(338, '好友趣多只牛排味（小）', '/Public/Home/images/2016-01-15/56443b34deec2.jpg', 3.00, 0.00, '', 39, 100, '2016-01-15 09:58:24', 1, '', '', '', 0, '', '1', 1, 0, '', '', 0, 0),
(339, '好友趣多汁牛排味', '/Public/Home/images/2016-01-15/56443b72679b2.jpg', 4.00, 0.00, '', 39, 100, '2016-01-15 09:58:24', 1, '', '', '', 0, '', '1', 1, 0, '', '', 0, 0),
(340, '好友趣韩国泡菜味小', '/Public/Home/images/2016-01-15/56443ba97f003.jpg', 3.00, 0.00, '', 39, 100, '2016-01-15 09:58:24', 1, '', '', '', 0, '', '1', 1, 0, '', '', 0, 0),
(341, '好友趣韩国泡菜味', '/Public/Home/images/2016-01-15/56443bde03fa8.jpg', 4.00, 0.00, '', 39, 100, '2016-01-15 09:58:24', 1, '', '', '', 0, '', '1', 1, 0, '', '', 0, 0),
(342, '好友趣醇香番茄味', '/Public/Home/images/2016-01-15/564531393d9a6.jpg', 3.00, 0.00, '', 39, 100, '2016-01-15 09:58:24', 1, '', '', '', 0, '', '1', 1, 0, '', '', 0, 0),
(343, '好友趣加勒比烤翅味', '/Public/Home/images/2016-01-15/56453176db940.jpg', 3.00, 0.00, '', 39, 100, '2016-01-15 09:58:24', 1, '', '', '', 0, '', '1', 1, 0, '', '', 0, 0),
(344, '甜天麦（黄）', '/Public/Home/images/2016-01-15/564531b038a64.jpg', 2.00, 0.00, '', 39, 100, '2016-01-15 09:58:24', 1, '', '', '', 0, '', '1', 1, 0, '', '', 0, 0),
(345, '甜天麦（巧克力）', '/Public/Home/images/2016-01-15/564531e36baaf.jpg', 2.00, 0.00, '', 39, 50, '2016-01-15 09:58:24', 1, '', '', '', 0, '', '1', 1, 0, '', '', 0, 0),
(347, '薯愿蜂蜜牛奶味', '/Public/Home/images/2016-01-15/5645326fe2cf8.jpg', 7.00, 0.00, '', 39, 50, '2016-01-15 09:58:24', 1, '', '', '', 0, '', '1', 1, 0, '', '', 0, 0),
(348, '薯愿香烤原味', '/Public/Home/images/2016-01-15/56453299aa2b7.jpg', 7.00, 0.00, '', 39, 100, '2016-01-15 09:58:24', 1, '', '', '', 0, '', '1', 1, 0, '', '', 0, 0),
(349, '薯愿红酒牛排味', '/Public/Home/images/2016-01-15/564532c3f1e71.jpg', 7.00, 0.00, '', 39, 100, '2016-01-15 09:58:24', 1, '', '', '', 0, '', '1', 1, 0, '', '', 0, 0),
(350, '薯愿清新番茄味', '/Public/Home/images/2016-01-15/564532f8213e4.jpg', 7.00, 0.00, '', 39, 100, '2016-01-15 09:58:24', 1, '', '', '', 0, '', '1', 1, 0, '', '', 0, 0),
(351, '呀！土豆（香焗原味）', '/Public/Home/images/2016-01-15/5645333a60f65.jpg', 5.00, 0.00, '', 39, 100, '2016-01-15 09:58:24', 1, '', '', '', 0, '', '1', 1, 0, '', '', 0, 0),
(352, '薯愿烤鸡沙拉味', '/Public/Home/images/2016-01-15/564533711e97f.jpg', 7.00, 0.00, '', 39, 100, '2016-01-15 09:58:24', 1, '', '', '', 0, '', '1', 1, 0, '', '', 0, 0),
(353, '呀！土豆（蜂蜜黄油味小）', '/Public/Home/images/2016-01-15/564533a7964ac.jpg', 3.00, 0.00, '', 39, 100, '2016-01-15 09:58:24', 1, '', '', '', 0, '', '1', 1, 0, '', '', 0, 0),
(354, '好友趣蜂蜜黄油味（小）', '/Public/Home/images/2016-01-15/564533e12a1b0.jpg', 3.00, 0.00, '', 39, 100, '2016-01-15 09:58:24', 1, '', '', '', 0, '', '1', 1, 0, '', '', 0, 0),
(355, '好友趣蜂蜜黄油味', '/Public/Home/images/2016-01-15/5645341766431.jpg', 4.00, 0.00, '', 39, 100, '2016-01-15 09:58:24', 1, '', '', '', 0, '', '1', 1, 0, '', '', 0, 0),
(356, '高笑美醇香原味', '/Public/Home/images/2016-01-15/56453480ba22a.jpg', 5.00, 0.00, '', 39, 100, '2016-01-15 09:58:24', 1, '', '', '', 0, '', '1', 1, 0, '', '', 0, 0),
(357, '采韵香香蒜豌豆', '/Public/Home/images/2016-01-15/564535219ce91.jpg', 2.00, 0.00, '', 39, 100, '2016-01-15 09:58:24', 1, '', '', '', 0, '', '1', 1, 0, '', '', 0, 0),
(358, '采韵香牛肉豌豆', '/Public/Home/images/2016-01-15/56453549935a7.jpg', 2.00, 0.00, '', 39, 100, '2016-01-15 09:58:24', 1, '', '', '', 0, '', '1', 1, 0, '', '', 0, 0),
(359, '采韵香牛肉豆（蚕豆）', '/Public/Home/images/2016-01-15/56453572a358e.jpg', 3.00, 0.00, '', 39, 100, '2016-01-15 09:58:24', 1, '', '', '', 0, '', '1', 1, 0, '', '', 0, 0),
(360, '水溶C100柠檬味', '/Public/Home/images/2016-01-15/564535b50d7a7.jpg', 4.00, 0.00, '', 36, 100, '2016-01-15 09:58:24', 1, '', '', '', 0, '', '1', 1, 0, '', '', 0, 0),
(361, '水溶C100西柚汁', '/Public/Home/images/2016-01-15/564535e1469c5.jpg', 4.00, 0.00, '', 36, 100, '2016-01-15 09:58:24', 1, '', '', '', 0, '', '1', 1, 0, '', '', 0, 0),
(362, '尖叫（多肽型）', '/Public/Home/images/2016-01-15/5645363a9ac87.jpg', 3.00, 0.00, '', 36, 100, '2016-01-15 09:58:24', 1, '', '', '', 0, '', '1', 1, 0, '', '', 0, 0),
(363, '尖叫（纤维型）', '/Public/Home/images/2016-01-15/56453664479a8.jpg', 3.00, 0.00, '', 36, 100, '2016-01-15 09:58:24', 1, '', '', '', 0, '', '1', 1, 0, '', '', 0, 0),
(364, '农夫山泉550', '/Public/Home/images/2016-01-15/5645369a1549d.jpg', 1.00, 0.00, '', 37, 100, '2016-01-15 09:58:24', 1, '', '', '', 0, '', '1', 1, 0, '', '', 0, 0),
(365, '农夫山泉380', '/Public/Home/images/2016-01-15/564536cfadc12.jpg', 1.00, 0.00, '', 37, 100, '2016-01-15 09:58:24', 1, '', '', '', 0, '', '1', 1, 0, '', '', 0, 0),
(366, '水溶C100青皮桔味', '/Public/Home/images/2016-01-15/564537162575d.jpg', 4.00, 0.00, '', 36, 100, '2016-01-15 09:58:24', 1, '', '', '', 0, '', '1', 1, 0, '', '', 0, 0),
(367, '满地可一品鱿鱼圈（小）', '/Public/Home/images/2016-01-15/564537f390644.jpg', 2.00, 0.00, '', 39, 100, '2016-01-15 09:58:24', 1, '', '', '', 0, '', '1', 1, 0, '', '', 0, 0),
(368, '满地可蔬菜鸡味圈', '/Public/Home/images/2016-01-15/564538756ea5c.jpg', 4.00, 0.00, '', 39, 100, '2016-01-15 09:58:24', 1, '', '', '', 0, '', '1', 1, 0, '', '', 0, 0),
(369, '满地可香浓乳酪球（小）', '/Public/Home/images/2016-01-15/564538a0dfc62.jpg', 2.00, 0.00, '', 39, 100, '2016-01-15 09:58:24', 1, '', '', '', 0, '', '1', 1, 0, '', '', 0, 0),
(370, '满地可一品鱿鱼圈', '/Public/Home/images/2016-01-15/564538eb2e95b.jpg', 4.00, 0.00, '', 39, 100, '2016-01-15 09:58:24', 1, '', '', '', 0, '', '1', 1, 0, '', '', 0, 0),
(371, '洗碗海绵宽', '/Public/Home/images/2016-01-15/5645393348f55.jpg', 1.00, 0.00, '', 58, 100, '2016-01-15 09:58:24', 1, '', '', '', 0, '', '1', 1, 0, '', '', 0, 0),
(372, '花园高粱王', '/Public/Home/images/2016-01-15/56453a0f11a2a.png', 8.00, 0.00, '', 33, 100, '2016-01-15 09:58:24', 1, '', '', '', 0, '', '1', 1, 0, '', '', 0, 0),
(373, '玉泉方瓶500ML', '/Public/Home/images/2016-01-15/56453a66bd6e0.jpg', 22.00, 0.00, '', 33, 10, '2016-01-15 09:58:24', 1, '', '', '', 0, '', '1', 1, 0, '', '', 0, 0),
(374, '玉泉二两半', '/Public/Home/images/2016-01-15/56453aa4c2acb.jpg', 6.00, 0.00, '', 33, 10, '2016-01-15 09:58:24', 1, '', '', '', 0, '', '1', 1, 0, '', '', 0, 0),
(375, '柔和玉泉', '/Public/Home/images/2016-01-15/56453ad8c0a5a.jpg', 45.00, 0.00, '', 33, 10, '2016-01-15 09:58:24', 1, '', '', '', 0, '', '1', 1, 0, '', '', 0, 0),
(376, '清风原木纯品', '/Public/Home/images/2016-01-15/56453b6cbd8e6.jpg', 21.00, 0.00, '', 57, 10, '2016-01-15 09:58:24', 1, '', '', '', 0, '', '1', 1, 0, '', '', 0, 0),
(377, '清风纸抽原木纯品', '/Public/Home/images/2016-01-15/56453ba2e4597.jpg', 10.00, 0.00, '', 57, 10, '2016-01-15 09:58:24', 1, '', '', '', 0, '', '1', 1, 0, '', '', 0, 0),
(378, '清风纸抽原木纯品6提', '/Public/Home/images/2016-01-15/56453bd0e7795.jpg', 16.00, 0.00, '', 57, 10, '2016-01-15 09:58:24', 1, '', '', '', 0, '', '1', 1, 0, '', '', 0, 0),
(379, '康师傅冰红茶', '/Public/Home/images/2016-01-15/56453c1635a25.jpg', 2.00, 0.00, '', 36, 10, '2016-01-15 09:58:24', 1, '', '', '', 0, '', '1', 1, 0, '', '', 0, 0),
(380, '康师傅矿泉水', '/Public/Home/images/2016-01-15/56453c50c17b5.jpg', 1.00, 0.00, '', 37, 100, '2016-01-15 09:58:24', 1, '', '', '', 0, '', '1', 1, 0, '', '', 0, 0),
(381, '康师傅绿茶', '/Public/Home/images/2016-01-15/56453c8b4092c.jpg', 2.00, 0.00, '', 36, 100, '2016-01-15 09:58:24', 1, '', '', '', 0, '', '1', 1, 0, '', '', 0, 0),
(382, '康师傅矿泉水', '/Public/Home/images/2016-01-15/56453ccd76240.jpg', 2.00, 0.00, '', 36, 100, '2016-01-15 09:58:24', 1, '', '', '', 0, '', '1', 1, 0, '', '', 0, 0),
(383, '康师傅水晶葡萄', '/Public/Home/images/2016-01-15/56453d0356931.jpg', 2.00, 0.00, '', 36, 100, '2016-01-15 09:58:24', 1, '', '', '', 0, '', '1', 1, 0, '', '', 0, 0),
(384, '康师傅冰糖柠檬', '/Public/Home/images/2016-01-15/56453d32db119.jpg', 2.00, 0.00, '', 36, 100, '2016-01-15 09:58:24', 1, '', '', '', 0, '', '1', 1, 0, '', '', 0, 0),
(385, '康师傅冰糖雪梨', '/Public/Home/images/2016-01-15/56453d6368182.jpg', 2.00, 0.00, '', 36, 100, '2016-01-15 09:58:24', 1, '', '', '', 0, '', '1', 1, 0, '', '', 0, 0),
(386, '康师傅红茶茶1L', '/Public/Home/images/2016-01-15/56453d9d92917.jpg', 3.00, 0.00, '', 36, 100, '2016-01-15 09:58:24', 1, '', '', '', 0, '', '1', 1, 0, '', '', 0, 0);
INSERT INTO `wf_gys_goods` (`gys_gid`, `gys_gname`, `gys_photo`, `gys_vipprice`, `gys_price`, `gys_info`, `gys_kid`, `gys_num`, `gys_uptime`, `gys_status`, `gys_colnum`, `gys_elite`, `gys_txm`, `gys_storeid`, `gys_storename`, `gys_salenum`, `gys_id`, `gys_did`, `gys_spgg`, `gys_spdw`, `gys_spbh`, `gys_hot`) VALUES
(387, '康师傅绿茶1L', '/Public/Home/images/2016-01-15/56453e8d5da51.jpg', 3.00, 0.00, '', 36, 100, '2016-01-15 09:58:24', 1, '', '', '', 0, '', '1', 1, 0, '', '', 0, 0),
(388, '康师傅冰红茶', '/Public/Home/images/2016-01-15/56453eeb9cb2b.jpg', 5.00, 0.00, '', 36, 100, '2016-01-15 09:58:24', 1, '', '', '', 0, '', '1', 1, 0, '', '', 0, 0),
(389, '康师傅绿茶', '/Public/Home/images/2016-01-15/56453f7c08d6e.jpg', 5.00, 0.00, '', 36, 100, '2016-01-15 09:58:24', 1, '', '', '', 0, '', '1', 1, 0, '', '', 0, 0),
(390, '康师傅水蜜桃', '/Public/Home/images/2016-01-15/56453fbd710c7.jpg', 6.00, 0.00, '', 36, 100, '2016-01-15 09:58:24', 1, '', '', '', 0, '', '1', 1, 0, '', '', 0, 0),
(391, '康师傅水晶葡萄（大）', '/Public/Home/images/2016-01-15/56453fed667bb.jpg', 6.00, 0.00, '', 36, 100, '2016-01-15 09:58:24', 1, '', '', '', 0, '', '1', 1, 0, '', '', 0, 0),
(392, '康师傅鲜果橙', '/Public/Home/images/2016-01-15/56454028c4e02.jpg', 6.00, 0.00, '', 36, 100, '2016-01-15 09:58:24', 1, '', '', '', 0, '', '1', 1, 0, '', '', 0, 0),
(393, '格格瞬吸360夜用20片335赠护垫', '/Public/Home/images/2016-01-15/564540610827f.jpg', 7.00, 0.00, '', 61, 100, '2016-01-15 09:58:24', 1, '', '', '', 0, '', '1', 1, 0, '', '', 0, 0),
(394, '格格超熟睡棉16片410', '/Public/Home/images/2016-01-15/5645409bd959d.png', 7.00, 0.00, '', 61, 10, '2016-01-15 09:58:24', 1, '', '', '', 0, '', '1', 1, 0, '', '', 0, 0),
(395, 'ABC棉柔护垫22片', '/Public/Home/images/2016-01-15/5645410d2812d.jpg', 6.00, 0.00, '', 61, 10, '2016-01-15 09:58:24', 1, '', '', '', 0, '', '1', 1, 0, '', '', 0, 0),
(396, '心相印卷纸', '/Public/Home/images/2016-01-15/564543fcecfdd.jpg', 17.00, 0.00, '', 57, 100, '2016-01-15 09:58:24', 1, '', '', '', 0, '', '1', 1, 0, '', '', 0, 0),
(397, '钢丝球', '/Public/Home/images/2016-01-15/56454462c8ed2.jpg', 1.00, 0.00, '', 57, 100, '2016-01-15 09:58:24', 1, '', '', '', 0, '', '1', 1, 0, '', '', 0, 0),
(398, '猫王纸抽', '/Public/Home/images/2016-01-15/564544a4601fd.jpg', 8.00, 0.00, '', 57, 100, '2016-01-15 09:58:24', 1, '', '', '', 0, '', '1', 1, 0, '', '', 0, 0),
(399, '猫王精品卫生纸', '/Public/Home/images/2016-01-15/564544d7359b5.jpg', 14.00, 0.00, '', 57, 100, '2016-01-15 09:58:24', 1, '', '', '', 0, '', '1', 1, 0, '', '', 0, 0),
(400, '猫王卷纸', '/Public/Home/images/2016-01-15/5645450b44c8a.jpg', 21.00, 0.00, '', 57, 100, '2016-01-15 09:58:24', 1, '', '', '', 0, '', '1', 1, 0, '', '', 0, 0),
(401, '猫王卷纸', '/Public/Home/images/2016-01-15/5645453fba7de.gif', 19.00, 0.00, '', 57, 100, '2016-01-15 09:58:24', 1, '', '', '', 0, '', '1', 1, 0, '', '', 0, 0),
(402, '猫王卷纸1600G', '/Public/Home/images/2016-01-15/56454577e2ba6.gif', 17.00, 0.00, '', 57, 100, '2016-01-15 09:58:24', 1, '', '', '', 0, '', '1', 1, 0, '', '', 0, 0),
(403, '38cm不锈钢盆', '/Public/Home/images/2016-01-15/564545cc1a19c.jpg', 7.00, 0.00, '', 65, 100, '2016-01-15 09:58:24', 1, '', '', '', 0, '', '1', 1, 0, '', '', 0, 0),
(404, '34cm不锈钢盆', '/Public/Home/images/2016-01-15/564545f646bd3.jpg', 8.00, 0.00, '', 65, 10, '2016-01-15 09:58:24', 1, '', '', '', 0, '', '1', 1, 0, '', '', 0, 0),
(405, '西门子开关（4健）', '/Public/Home/images/2016-01-15/564546405d9de.jpg', 10.00, 0.00, '', 75, 10, '2016-01-15 09:58:24', 1, '', '', '', 0, '', '1', 1, 0, '', '', 0, 0),
(406, '公牛二开', '/Public/Home/images/2016-01-15/564547026fb77.jpg', 5.00, 0.00, '', 75, 5, '2016-01-15 09:58:24', 1, '', '', '', 0, '', '1', 1, 0, '', '', 0, 0),
(407, '公牛三开', '/Public/Home/images/2016-01-15/56454742da4d1.jpg', 7.00, 0.00, '', 75, 5, '2016-01-15 09:58:24', 1, '', '', '', 0, '', '1', 1, 0, '', '', 0, 0),
(408, '朗能国际一开', '/Public/Home/images/2016-01-15/564547903880a.jpg', 6.00, 0.00, '', 75, 5, '2016-01-15 09:58:24', 1, '', '', '', 0, '', '1', 1, 0, '', '', 0, 0),
(409, '朗能国际四开', '/Public/Home/images/2016-01-15/564547b96b31d.jpg', 11.00, 0.00, '', 75, 5, '2016-01-15 09:58:24', 1, '', '', '', 0, '', '1', 1, 0, '', '', 0, 0),
(410, '朗能国际二开', '/Public/Home/images/2016-01-15/564547e676be4.jpg', 8.00, 0.00, '', 75, 5, '2016-01-15 09:58:24', 1, '', '', '', 0, '', '1', 1, 0, '', '', 0, 0),
(411, '朗能国际三开', '/Public/Home/images/2016-01-15/564548190f784.jpg', 9.00, 0.00, '', 75, 5, '2016-01-15 09:58:24', 1, '', '', '', 0, '', '1', 1, 0, '', '', 0, 0),
(412, '凹凸500MM锁', '/Public/Home/images/2016-01-15/564548b56f116.jpg', 11.00, 0.00, '', 76, 5, '2016-01-15 09:58:24', 1, '', '', '', 0, '', '1', 1, 0, '', '', 0, 0),
(413, '卷尺5米', '/Public/Home/images/2016-01-15/564548dee96ed.jpg', 7.00, 0.00, '', 72, 5, '2016-01-15 09:58:24', 1, '', '', '', 0, '', '1', 1, 0, '', '', 0, 0),
(414, '卷尺3米', '/Public/Home/images/2016-01-15/56454903e5998.jpg', 5.00, 0.00, '', 72, 5, '2016-01-15 09:58:24', 1, '', '', '', 0, '', '1', 1, 0, '', '', 0, 0),
(415, '螺丝刀(橡胶)', '/Public/Home/images/2016-01-15/5645493b56171.jpg', 3.00, 0.00, '', 71, 5, '2016-01-15 09:58:24', 1, '', '', '', 0, '', '1', 1, 0, '', '', 0, 0),
(416, '螺丝刀(硬塑)', '/Public/Home/images/2016-01-15/56454971c921f.jpg', 2.00, 0.00, '', 71, 5, '2016-01-15 09:58:24', 1, '', '', '', 0, '', '1', 1, 0, '', '', 0, 0),
(418, '稿纸', '/Public/Home/images/2016-01-15/56454a8d9aa34.jpg', 1.00, 0.00, '', 100, 5, '2016-01-15 09:58:24', 1, '', '', '', 0, '', '1', 1, 0, '', '', 0, 0),
(419, '支票夹', '/Public/Home/images/2016-01-15/56454abe9d1c2.jpg', 3.00, 0.00, '', 92, 5, '2016-01-15 09:58:24', 1, '', '', '', 0, '', '1', 1, 0, '', '', 0, 0),
(420, '彩色长尾夹', '/Public/Home/images/2016-01-15/56454b0a91cf0.jpg', 1.00, 0.00, '', 92, 100, '2016-01-15 09:58:24', 1, '', '', '', 0, '', '1', 1, 0, '', '', 0, 0),
(421, '双面胶带', '/Public/Home/images/2016-01-15/56454b5c52b02.jpg', 14.00, 0.00, '', 95, 50, '2016-01-15 09:58:24', 1, '', '', '', 0, '', '1', 1, 0, '', '', 0, 0),
(422, '瓶起', '/Public/Home/images/2016-01-15/56454bb2671d7.jpg', 1.00, 0.00, '', 65, 100, '2016-01-15 09:58:24', 1, '', '', '', 0, '', '1', 1, 0, '', '', 0, 0),
(423, '透明胶带55卷', '/Public/Home/images/2016-01-15/56454c1353a2f.jpg', 3.00, 0.00, '', 96, 10, '2016-01-15 09:58:24', 1, '', '', '', 0, '', '1', 1, 0, '', '', 0, 0),
(424, '透明胶带44卷', '/Public/Home/images/2016-01-15/56454c38124e6.jpg', 6.00, 0.00, '', 96, 100, '2016-01-15 09:58:24', 1, '', '', '', 0, '', '1', 1, 0, '', '', 0, 0),
(425, '北方披刀', '/Public/Home/images/2016-01-15/56454cb66324e.jpg', 9.00, 0.00, '', 65, 10, '2016-01-15 09:58:24', 1, '', '', '', 0, '', '1', 1, 0, '', '', 0, 0),
(426, '高级不锈钢筷子', '/Public/Home/images/2016-01-15/56454f910393c.jpg', 1.00, 0.00, '', 65, 100, '2016-01-15 09:58:24', 1, '', '', '', 0, '', '1', 1, 0, '', '', 0, 0),
(427, '多功能数据线', '/Public/Home/images/2016-01-15/56454fe11a7d2.jpg', 4.00, 0.00, '', 69, 10, '2016-01-15 09:58:24', 1, '', '', '', 0, '', '1', 1, 0, '', '', 0, 0),
(428, '防风火机', '/Public/Home/images/2016-01-15/5645501fedbed.jpg', 1.00, 0.00, '', 65, 100, '2016-01-15 09:58:24', 1, '', '', '', 0, '', '1', 1, 0, '', '', 0, 0),
(430, '手心宝贝柔棉瞬吸XL', '/Public/Home/images/2016-01-15/5645509f22250.png', 45.00, 0.00, '', 61, 10, '2016-01-15 09:58:24', 1, '', '', '', 0, '', '1', 1, 0, '', '', 0, 0),
(431, '手心宝贝柔棉瞬吸L', '/Public/Home/images/2016-01-15/564550ced998b.png', 45.00, 0.00, '', 61, 100, '2016-01-15 09:58:24', 1, '', '', '', 0, '', '1', 1, 0, '', '', 0, 0),
(432, '半球加热水壶', '/Public/Home/images/2016-01-15/5645510762946.jpg', 19.00, 0.00, '', 66, 100, '2016-01-15 09:58:24', 1, '', '', '', 0, '', '1', 1, 0, '', '', 0, 0),
(433, '佳爽学步裤XL', '/Public/Home/images/2016-01-15/5645516d65a51.png', 36.00, 0.00, '', 63, 10, '2016-01-15 09:58:24', 1, '', '', '', 0, '', '1', 1, 0, '', '', 0, 0),
(434, '佳爽极薄训练裤XL', '/Public/Home/images/2016-01-15/564551a1e47eb.jpg', 36.00, 0.00, '', 63, 10, '2016-01-15 09:58:24', 1, '', '', '', 0, '', '1', 1, 0, '', '', 0, 0),
(435, '佳爽极薄训练裤L', '/Public/Home/images/2016-01-15/564551ca64cec.jpg', 36.00, 0.00, '', 63, 10, '2016-01-15 09:58:24', 1, '', '', '', 0, '', '1', 1, 0, '', '', 0, 0),
(436, '佳爽棉柔夜用4片410', '/Public/Home/images/2016-01-15/564552084a8c3.png', 4.00, 0.00, '', 61, 10, '2016-01-15 09:58:24', 1, '', '', '', 0, '', '1', 1, 0, '', '', 0, 0),
(437, '佳爽棉柔8片360', '/Public/Home/images/2016-01-15/5645523ac9801.jpg', 5.00, 0.00, '', 61, 10, '2016-01-15 09:58:24', 1, '', '', '', 0, '', '1', 1, 0, '', '', 0, 0),
(438, '溜溜梅乌梅', '/Public/Home/images/2016-01-15/564552bc943d7.jpg', 3.00, 0.00, '', 39, 10, '2016-01-15 09:58:24', 1, '', '', '', 0, '', '1', 1, 0, '', '', 0, 0),
(439, '溜溜梅雪梅', '/Public/Home/images/2016-01-15/564552e9d4a8d.jpg', 3.00, 0.00, '', 39, 10, '2016-01-15 09:58:24', 1, '', '', '', 0, '', '1', 1, 0, '', '', 0, 0),
(440, '溜溜梅九制梅', '/Public/Home/images/2016-01-15/5645531d0f6f7.jpg', 3.00, 0.00, '', 39, 100, '2016-01-15 09:58:24', 1, '', '', '', 0, '', '1', 1, 0, '', '', 0, 0),
(441, '溜溜梅清梅', '/Public/Home/images/2016-01-15/56455348e228c.jpg', 3.00, 0.00, '', 39, 100, '2016-01-15 09:58:24', 1, '', '', '', 0, '', '1', 1, 0, '', '', 0, 0),
(442, '真心海棠罐头880g', '/Public/Home/images/2016-01-15/5645538682850.jpg', 12.00, 0.00, '', 50, 100, '2016-01-15 09:58:24', 1, '', '', '', 0, '', '1', 1, 0, '', '', 0, 0),
(443, '真心梨罐头880g', '/Public/Home/images/2016-01-15/564553b87bf68.jpg', 12.00, 0.00, '', 50, 100, '2016-01-15 09:58:24', 1, '', '', '', 0, '', '1', 1, 0, '', '', 0, 0),
(444, '真心梨罐头680g', '/Public/Home/images/2016-01-15/564553ed6fc32.jpg', 12.00, 0.00, '', 50, 100, '2016-01-15 09:58:24', 1, '', '', '', 0, '', '1', 1, 0, '', '', 0, 0),
(445, '真心久保桃罐头680g', '/Public/Home/images/2016-01-15/5645541890746.jpg', 12.00, 0.00, '', 50, 10, '2016-01-15 09:58:24', 1, '', '', '', 0, '', '1', 1, 0, '', '', 0, 0),
(446, '真心葡萄罐头680g', '/Public/Home/images/2016-01-15/5645544748771.jpg', 12.00, 0.00, '', 50, 100, '2016-01-15 09:58:24', 1, '', '', '', 0, '', '1', 1, 0, '', '', 0, 0),
(447, '真心桔子罐头680g', '/Public/Home/images/2016-01-15/5645546e1a7b2.jpg', 12.00, 0.00, '', 50, 100, '2016-01-15 09:58:24', 1, '', '', '', 0, '', '1', 1, 0, '', '', 0, 0),
(448, '真心糖水草莓罐头680g', '/Public/Home/images/2016-01-15/5645549d0c6aa.jpg', 12.00, 0.00, '', 50, 100, '2016-01-15 09:58:24', 1, '', '', '', 0, '', '1', 1, 0, '', '', 0, 0),
(449, '真心菠萝罐头680g', '/Public/Home/images/2016-01-15/564554d2010f4.jpg', 12.00, 0.00, '', 50, 100, '2016-01-15 09:58:24', 1, '', '', '', 0, '', '1', 1, 0, '', '', 0, 0),
(450, '真心荔枝罐头680g', '/Public/Home/images/2016-01-15/5645550363e33.jpeg', 12.00, 0.00, '', 50, 100, '2016-01-15 09:58:24', 1, '', '', '', 0, '', '1', 1, 0, '', '', 0, 0),
(451, '刷洗大王', '/Public/Home/images/2016-01-15/564585e3a591c.jpg', 1.00, 0.00, '', 58, 100, '2016-01-15 09:58:24', 1, '', '', '', 0, '', '1', 1, 0, '', '', 0, 0),
(452, '果汁糖果草莓口味', '/Public/Home/images/2016-01-15/5645863d1178c.jpg', 8.00, 0.00, '', 41, 100, '2016-01-15 09:58:24', 1, '', '', '', 0, '', '1', 1, 0, '', '', 0, 0),
(453, '果汁糖果青提子口味', '/Public/Home/images/2016-01-15/56458666bce91.jpg', 8.00, 0.00, '', 41, 100, '2016-01-15 09:58:24', 1, '', '', '', 0, '', '1', 1, 0, '', '', 0, 0),
(454, '果汁糖果水蜜桃口味', '/Public/Home/images/2016-01-15/56458696cfeab.jpg', 8.00, 0.00, '', 41, 100, '2016-01-15 09:58:24', 1, '', '', '', 0, '', '1', 1, 0, '', '', 0, 0),
(455, '心宠灌心饼干草莓口味', '/Public/Home/images/2016-01-15/5645872f41a8d.jpg', 3.00, 0.00, '', 38, 50, '2016-01-15 09:58:24', 1, '', '', '', 0, '', '1', 1, 0, '', '', 0, 0),
(456, '果汁糖果芒果口味', '/Public/Home/images/2016-01-15/5645875575a61.jpg', 8.00, 0.00, '', 41, 100, '2016-01-15 09:58:24', 1, '', '', '', 0, '', '1', 1, 0, '', '', 0, 0),
(457, '心宠灌心饼干草莓味', '/Public/Home/images/2016-01-15/5645878153f3d.jpg', 3.00, 0.00, '', 38, 50, '2016-01-15 09:58:24', 1, '', '', '', 0, '', '1', 1, 0, '', '', 0, 0),
(458, '心宠灌心饼干奶油味', '/Public/Home/images/2016-01-15/564587ade36ff.jpg', 3.00, 0.00, '', 38, 50, '2016-01-15 09:58:24', 1, '', '', '', 0, '', '1', 1, 0, '', '', 0, 0),
(459, '心宠灌心饼干巧克力味', '/Public/Home/images/2016-01-15/564587da936f5.jpg', 3.00, 0.00, '', 39, 50, '2016-01-15 09:58:24', 1, '', '', '', 0, '', '1', 1, 0, '', '', 0, 0),
(460, '辣媳妇山椒凤爪（一个）', '/Public/Home/images/2016-01-15/5645883e369e3.jpeg', 1.00, 0.00, '', 39, 50, '2016-01-15 09:58:24', 1, '', '', '', 0, '', '1', 1, 0, '', '', 0, 0),
(461, '小浣熊干脆面意大利红烩味', '/Public/Home/images/2016-01-15/56458899c40ce.jpg', 1.00, 0.00, '', 54, 50, '2016-01-15 09:58:24', 1, '', '', '', 0, '', '1', 1, 0, '', '', 0, 0),
(462, '小浣熊干脆面香辣蟹味', '/Public/Home/images/2016-01-15/564588d5f2f58.jpg', 1.00, 0.00, '', 54, 50, '2016-01-15 09:58:24', 1, '', '', '', 0, '', '1', 1, 0, '', '', 0, 0),
(463, '小当家干脆面香辣蟹味', '/Public/Home/images/2016-01-15/56458906159d8.jpg', 0.00, 0.00, '', 54, 100, '2016-01-15 09:58:24', 1, '', '', '', 0, '', '1', 1, 0, '', '', 0, 0),
(464, '小当家干脆面红烧牛肉味', '/Public/Home/images/2016-01-15/5645893151383.jpg', 0.00, 0.00, '', 54, 50, '2016-01-15 09:58:24', 1, '', '', '', 0, '', '1', 1, 0, '', '', 0, 0),
(465, '小当家干脆面五香牛肉味', '/Public/Home/images/2016-01-15/5645895e8865f.jpg', 0.00, 0.00, '', 54, 50, '2016-01-15 09:58:24', 1, '', '', '', 0, '', '1', 1, 0, '', '', 0, 0),
(466, '小当家干脆面香葱口味', '/Public/Home/images/2016-01-15/5645898c269b5.jpg', 0.00, 0.00, '', 54, 50, '2016-01-15 09:58:24', 1, '', '', '', 0, '', '1', 1, 0, '', '', 0, 0),
(467, '小浣熊干脆面韩式泡菜味', '/Public/Home/images/2016-01-15/564589fb2d593.jpg', 1.00, 0.00, '', 54, 50, '2016-01-15 09:58:24', 1, '', '', '', 0, '', '1', 1, 0, '', '', 0, 0),
(468, '统一冰红茶', '/Public/Home/images/2016-01-15/56458a397adaf.jpg', 3.00, 0.00, '', 36, 50, '2016-01-15 09:58:24', 1, '', '', '', 0, '', '1', 1, 0, '', '', 0, 0),
(469, '小当家干脆面蜜汁猪排味', '/Public/Home/images/2016-01-15/56458a641e62e.jpg', 0.00, 0.00, '', 54, 50, '2016-01-15 09:58:24', 1, '', '', '', 0, '', '1', 1, 0, '', '', 0, 0),
(470, '小当家干脆面酱香小排骨味', '/Public/Home/images/2016-01-15/56458a954185d.jpg', 0.00, 0.00, '', 54, 50, '2016-01-15 09:58:24', 1, '', '', '', 0, '', '1', 1, 0, '', '', 0, 0),
(471, '小当家巴西烤肉味', '/Public/Home/images/2016-01-15/56458ac4a4492.jpg', 0.00, 0.00, '', 54, 100, '2016-01-15 09:58:24', 1, '', '', '', 0, '', '1', 1, 0, '', '', 0, 0),
(472, '海之言西柚', '/Public/Home/images/2016-01-15/56458b0528140.jpg', 3.00, 0.00, '', 39, 100, '2016-01-15 09:58:24', 1, '', '', '', 0, '', '1', 1, 0, '', '', 0, 0),
(473, '小茗同学（冷泡青柠红茶）', '/Public/Home/images/2016-01-15/56458b34e0aa8.jpg', 4.00, 0.00, '', 36, 100, '2016-01-15 09:58:24', 1, '', '', '', 0, '', '1', 1, 0, '', '', 0, 0),
(474, '统一老坛酸菜牛肉面(香辣)', '/Public/Home/images/2016-01-15/56458b83b0638.jpg', 3.00, 0.00, '', 54, 100, '2016-01-15 09:58:24', 1, '', '', '', 0, '', '1', 1, 0, '', '', 0, 0),
(475, '统一老坛酸菜牛肉面(桶,原味)', '/Public/Home/images/2016-01-15/56458bb574c73.jpg', 3.00, 0.00, '', 54, 100, '2016-01-15 09:58:24', 1, '', '', '', 0, '', '1', 1, 0, '', '', 0, 0),
(476, '统一卤香牛肉面(桶)', '/Public/Home/images/2016-01-15/56458bfd74c86.jpg', 3.00, 0.00, '', 54, 100, '2016-01-15 09:58:24', 1, '', '', '', 0, '', '1', 1, 0, '', '', 0, 0),
(477, '统一红烧牛肉面(桶)', '/Public/Home/images/2016-01-15/56458c2d3f430.jpg', 3.00, 0.00, '', 54, 100, '2016-01-15 09:58:24', 1, '', '', '', 0, '', '1', 1, 0, '', '', 0, 0),
(478, '小浣熊干脆面台湾烤肠味', '/Public/Home/images/2016-01-15/56458c6b1b000.jpg', 1.00, 0.00, '', 54, 100, '2016-01-15 09:58:24', 1, '', '', '', 0, '', '1', 1, 0, '', '', 0, 0),
(479, '小浣熊干脆面麻辣香锅味', '/Public/Home/images/2016-01-15/56458c9a1a85c.jpg', 1.00, 0.00, '', 54, 100, '2016-01-15 09:58:24', 1, '', '', '', 0, '', '1', 1, 0, '', '', 0, 0),
(480, '小浣熊干脆面奥尔良烤翅味', '/Public/Home/images/2016-01-15/56458cc32075a.jpg', 1.00, 0.00, '', 54, 100, '2016-01-15 09:58:24', 1, '', '', '', 0, '', '1', 1, 0, '', '', 0, 0),
(481, '小浣熊干脆面烤肉味', '/Public/Home/images/2016-01-15/56458ce8e791e.jpg', 1.00, 0.00, '', 54, 100, '2016-01-15 09:58:24', 1, '', '', '', 0, '', '1', 1, 0, '', '', 0, 0),
(482, '椒盐土豆条芥辣味', '/Public/Home/images/2016-01-15/56458d2271773.jpg', 2.00, 0.00, '', 39, 100, '2016-01-15 09:58:24', 1, '', '', '', 0, '', '1', 1, 0, '', '', 0, 0),
(483, '椒盐土豆条泡椒龙虾味', '/Public/Home/images/2016-01-15/56458d536fa3d.jpg', 2.00, 0.00, '', 39, 100, '2016-01-15 09:58:24', 1, '', '', '', 0, '', '1', 1, 0, '', '', 0, 0),
(484, '不粘油锅刷', '/Public/Home/images/2016-01-15/56458d7e4460a.jpg', 1.00, 0.00, '', 58, 100, '2016-01-15 09:58:24', 1, '', '', '', 0, '', '1', 1, 0, '', '', 0, 0),
(485, '康师傅红烧牛肉面', '/Public/Home/images/2016-01-15/56468528b67b4.jpg', 2.00, 0.00, '', 54, 100, '2016-01-15 09:58:24', 1, '', '', '', 0, '', '1', 1, 0, '', '', 0, 0),
(486, '康师傅香辣牛肉面', '/Public/Home/images/2016-01-15/5646855734793.jpg', 2.00, 0.00, '', 54, 100, '2016-01-15 09:58:24', 1, '', '', '', 0, '', '1', 1, 0, '', '', 0, 0),
(487, '上好佳鲜虾条辣味', '/Public/Home/images/2016-01-15/564685a0590b0.jpg', 3.00, 0.00, '', 39, 100, '2016-01-15 09:58:24', 1, '', '', '', 0, '', '1', 1, 0, '', '', 0, 0),
(488, '上好佳栗米条哈密瓜口味', '/Public/Home/images/2016-01-15/564685d4b0b19.jpg', 3.00, 0.00, '', 39, 100, '2016-01-15 09:58:24', 1, '', '', '', 0, '', '1', 1, 0, '', '', 0, 0),
(489, '上好佳田园薯片芥末口味', '/Public/Home/images/2016-01-15/5646860b65e3f.jpg', 3.00, 0.00, '', 39, 100, '2016-01-15 09:58:24', 1, '', '', '', 0, '', '1', 1, 0, '', '', 0, 0),
(490, '上好佳棉花糖橙子口味', '/Public/Home/images/2016-01-15/5646865ca62cc.jpg', 3.00, 0.00, '', 39, 100, '2016-01-15 09:58:24', 1, '', '', '', 0, '', '1', 1, 0, '', '', 0, 0),
(491, '上好佳棉花糖柠檬口味', '/Public/Home/images/2016-01-15/5646868ddc00c.jpg', 3.00, 0.00, '', 39, 100, '2016-01-15 09:58:24', 1, '', '', '', 0, '', '1', 1, 0, '', '', 0, 0),
(492, '上好佳鲜虾条', '/Public/Home/images/2016-01-15/564686d079c27.jpg', 5.00, 0.00, '', 39, 100, '2016-01-15 09:58:24', 1, '', '', '', 0, '', '1', 1, 0, '', '', 0, 0),
(493, '上好佳芝士条', '/Public/Home/images/2016-01-15/564687009f1fd.jpg', 5.00, 0.00, '', 39, 100, '2016-01-15 09:58:24', 1, '', '', '', 0, '', '1', 1, 0, '', '', 0, 0),
(494, '上好佳鲜虾片', '/Public/Home/images/2016-01-15/5646873a5db45.jpg', 5.00, 0.00, '', 39, 100, '2016-01-15 09:58:24', 1, '', '', '', 0, '', '1', 1, 0, '', '', 0, 0),
(495, '上好佳薯条番茄味', '/Public/Home/images/2016-01-15/5646876328681.jpg', 5.00, 0.00, '', 39, 100, '2016-01-15 09:58:24', 1, '', '', '', 0, '', '1', 1, 0, '', '', 0, 0),
(496, '上好佳玉米口味田园泡', '/Public/Home/images/2016-01-15/5646879fdbcb3.jpg', 5.00, 0.00, '', 39, 100, '2016-01-15 09:58:24', 1, '', '', '', 0, '', '1', 1, 0, '', '', 0, 0),
(497, '上好佳薯条原味', '/Public/Home/images/2016-01-15/564687c852d5d.jpg', 5.00, 0.00, '', 39, 100, '2016-01-15 09:58:24', 1, '', '', '', 0, '', '1', 1, 0, '', '', 0, 0),
(498, '上好佳嗲得薯片', '/Public/Home/images/2016-01-15/564687f78579d.jpeg', 5.00, 0.00, '', 39, 100, '2016-01-15 09:58:24', 1, '', '', '', 0, '', '1', 1, 0, '', '', 0, 0),
(499, '上好佳洋葱圈', '/Public/Home/images/2016-01-15/5646881f93fbb.jpg', 5.00, 0.00, '', 39, 100, '2016-01-15 09:58:24', 1, '', '', '', 0, '', '1', 1, 0, '', '', 0, 0),
(500, '上好佳田园薯片羊肉口味', '/Public/Home/images/2016-01-15/5646884c3bdd5.jpg', 3.00, 0.00, '', 39, 100, '2016-01-15 09:58:24', 1, '', '', '', 0, '', '1', 1, 0, '', '', 0, 0),
(501, '上好佳田园薯片红烩肉口味', '/Public/Home/images/2016-01-15/5646886ecc7ae.jpg', 3.00, 0.00, '', 39, 100, '2016-01-15 09:58:24', 1, '', '', '', 0, '', '1', 1, 0, '', '', 0, 0),
(502, '上好佳田园薯片红烩牛肉味', '/Public/Home/images/2016-01-15/56468893945c5.jpg', 3.00, 0.00, '', 39, 100, '2016-01-15 09:58:24', 1, '', '', '', 0, '', '1', 1, 0, '', '', 0, 0),
(503, '澳华黄豆脆锅巴', '/Public/Home/images/2016-01-15/564688e955886.jpg', 2.00, 0.00, '', 39, 100, '2016-01-15 09:58:24', 1, '', '', '', 0, '', '1', 1, 0, '', '', 0, 0),
(504, '金锣脆脆肠原味', '/Public/Home/images/2016-01-15/5646894b4f0e0.jpg', 3.00, 0.00, '', 51, 100, '2016-01-15 09:58:24', 1, '', '', '', 0, '', '1', 1, 0, '', '', 0, 0),
(505, '金锣火腿肠', '/Public/Home/images/2016-01-15/564689951e4f9.jpg', 1.00, 0.00, '', 51, 100, '2016-01-15 09:58:24', 1, '', '', '', 0, '', '1', 1, 0, '', '', 0, 0),
(506, '金锣脆脆肠香辣味', '/Public/Home/images/2016-01-15/564689c4a2a0f.jpg', 3.00, 0.00, '', 51, 100, '2016-01-15 09:58:24', 1, '', '', '', 0, '', '1', 1, 0, '', '', 0, 0),
(507, '金锣清真鸡肉肠（小）', '/Public/Home/images/2016-01-15/564689f364529.jpg', 1.00, 0.00, '', 51, 50, '2016-01-15 09:58:24', 1, '', '', '', 0, '', '1', 1, 0, '', '', 0, 0),
(508, '酒鬼花生椒盐味', '/Public/Home/images/2016-01-15/56468a310af83.jpg', 3.00, 0.00, '', 39, 50, '2016-01-15 09:58:24', 1, '', '', '', 0, '', '1', 1, 0, '', '', 0, 0),
(509, '香酥蛹', '/Public/Home/images/2016-01-15/56468a7201c55.jpg', 3.00, 0.00, '', 39, 100, '2016-01-15 09:58:24', 1, '', '', '', 0, '', '1', 1, 0, '', '', 0, 0),
(510, '香辣蟹', '/Public/Home/images/2016-01-15/56468a9a5d8e7.jpg', 3.00, 0.00, '', 39, 100, '2016-01-15 09:58:24', 1, '', '', '', 0, '', '1', 1, 0, '', '', 0, 0),
(511, '香辣鱼仔', '/Public/Home/images/2016-01-15/56468adcaed54.jpg', 3.00, 0.00, '', 39, 100, '2016-01-15 09:58:24', 1, '', '', '', 0, '', '1', 1, 0, '', '', 0, 0),
(512, '易能通计算器', '/Public/Home/images/2016-01-15/56468b1dab272.jpg', 24.00, 0.00, '', 97, 100, '2016-01-15 09:58:24', 1, '', '', '', 0, '', '1', 1, 0, '', '', 0, 0),
(513, '计算器', '/Public/Home/images/2016-01-15/56468b403883a.jpg', 16.00, 0.00, '', 97, 100, '2016-01-15 09:58:24', 1, '', '', '', 0, '', '1', 1, 0, '', '', 0, 0),
(514, '老才臣腐乳', '/Public/Home/images/2016-01-15/56468b8cbe949.jpg', 4.00, 0.00, '', 52, 100, '2016-01-15 09:58:24', 1, '', '', '', 0, '', '1', 1, 0, '', '', 0, 0),
(515, '老才臣北京风味香辣腐乳', '/Public/Home/images/2016-01-15/56468bb5179e2.jpg', 6.00, 0.00, '', 52, 10, '2016-01-15 09:58:24', 1, '', '', '', 0, '', '1', 1, 0, '', '', 0, 0),
(516, '老才臣姜葱料酒', '/Public/Home/images/2016-01-15/56468be065955.jpg', 5.00, 0.00, '', 45, 10, '2016-01-15 09:58:24', 1, '', '', '', 0, '', '1', 1, 0, '', '', 0, 0),
(517, '龙彩好太太洗衣液', '/Public/Home/images/2016-01-15/56468c6a27464.jpg', 8.00, 0.00, '', 59, 100, '2016-01-15 09:58:24', 1, '', '', '', 0, '', '1', 1, 0, '', '', 0, 0),
(518, '龙彩好太太洗衣液', '/Public/Home/images/2016-01-15/56468c9b10038.jpg', 7.00, 0.00, '', 59, 100, '2016-01-15 09:58:24', 1, '', '', '', 0, '', '1', 1, 0, '', '', 0, 0),
(519, '固体胶', '/Public/Home/images/2016-01-15/56468d1987a40.jpg', 1.00, 0.00, '', 94, 100, '2016-01-15 09:58:24', 1, '', '', '', 0, '', '1', 1, 0, '', '', 0, 0),
(520, '青岛黑啤', '/Public/Home/images/2016-01-15/56468e37b34cf.jpg', 4.00, 0.00, '', 34, 100, '2016-01-15 09:58:24', 1, '', '', '', 0, '', '1', 1, 0, '', '', 0, 0),
(521, '青岛纯生', '/Public/Home/images/2016-01-15/56468e65f115e.jpg', 4.00, 0.00, '', 34, 100, '2016-01-15 09:58:24', 1, '', '', '', 0, '', '1', 1, 0, '', '', 0, 0),
(522, '九三非转基因一级大豆油', '/Public/Home/images/2016-01-15/56468efd4076f.jpg', 42.00, 0.00, '', 48, 100, '2016-01-15 09:58:24', 1, '', '', '', 0, '', '1', 1, 0, '', '', 0, 0),
(523, '九三非转基因三级大豆油', '/Public/Home/images/2016-01-15/56468f38cf352.jpg', 42.00, 0.00, '', 48, 100, '2016-01-15 09:58:24', 1, '', '', '', 0, '', '1', 1, 0, '', '', 0, 0),
(524, '天之蓝洋河蓝色经典42度', '/Public/Home/images/2016-01-15/56468fc86721e.jpg', 310.00, 0.00, '', 33, 100, '2016-01-15 09:58:24', 1, '', '', '', 0, '', '1', 1, 0, '', '', 0, 0),
(525, '海之蓝洋河蓝色经典42度', '/Public/Home/images/2016-01-15/56469020d1ae9.jpg', 128.00, 0.00, '', 33, 100, '2016-01-15 09:58:24', 1, '', '', '', 0, '', '1', 1, 0, '', '', 0, 0),
(526, '海之蓝52度', '/Public/Home/images/2016-01-15/5646904ce472d.jpg', 152.00, 0.00, '', 33, 100, '2016-01-15 09:58:24', 1, '', '', '', 0, '', '1', 1, 0, '', '', 0, 0),
(527, '梦之蓝52度', '/Public/Home/images/2016-01-15/564690824b614.jpg', 588.00, 0.00, '', 33, 10, '2016-01-15 09:58:24', 1, '', '', '', 0, '', '1', 1, 0, '', '', 0, 0),
(528, '22cm加厚型汤盆', '/Public/Home/images/2016-01-15/564690e8dd750.jpg', 4.00, 0.00, '', 65, 10, '2016-01-15 09:58:24', 1, '', '', '', 0, '', '1', 1, 0, '', '', 0, 0),
(529, '金锣清真鸡肉肠（大）', '/Public/Home/images/2016-01-15/5646911a42bec.jpg', 2.00, 0.00, '', 51, 10, '2016-01-15 09:58:24', 1, '', '', '', 0, '', '1', 1, 0, '', '', 0, 0),
(530, '纯果乐果缤纷（热带美味）', '/Public/Home/images/2016-01-15/5646919cb3045.jpg', 3.00, 0.00, '', 36, 10, '2016-01-15 09:58:24', 1, '', '', '', 0, '', '1', 1, 0, '', '', 0, 0),
(531, '纯果乐果缤纷（柠爽萄醉味）', '/Public/Home/images/2016-01-15/564691c0a884b.jpg', 3.00, 0.00, '', 36, 100, '2016-01-15 09:58:24', 1, '', '', '', 0, '', '1', 1, 0, '', '', 0, 0),
(532, '纯果乐果缤纷（金橙奇异果味）', '/Public/Home/images/2016-01-15/564691e4057b1.jpg', 3.00, 0.00, '', 36, 100, '2016-01-15 09:58:24', 1, '', '', '', 0, '', '1', 1, 0, '', '', 0, 0),
(533, '立顿英式柠檬茶', '/Public/Home/images/2016-01-15/564692201d0d9.jpg', 3.00, 0.00, '', 36, 100, '2016-01-15 09:58:24', 1, '', '', '', 0, '', '1', 1, 0, '', '', 0, 0),
(534, '立顿甜美蜜桃味', '/Public/Home/images/2016-01-15/564692509e77d.jpg', 3.00, 0.00, '', 36, 100, '2016-01-15 09:58:24', 1, '', '', '', 0, '', '1', 1, 0, '', '', 0, 0),
(535, '立顿英式果茶（率性野莓味）', '/Public/Home/images/2016-01-15/5646927807418.jpg', 3.00, 0.00, '', 36, 100, '2016-01-15 09:58:24', 1, '', '', '', 0, '', '1', 1, 0, '', '', 0, 0),
(536, '纯正红糖', '/Public/Home/images/2016-01-15/564692f0ef154.png', 4.00, 0.00, '', 46, 100, '2016-01-15 09:58:24', 1, '', '', '', 0, '', '1', 1, 0, '', '', 0, 0),
(537, '森华园水晶粉丝', '/Public/Home/images/2016-01-15/56469334b6b8a.jpg', 2.00, 0.00, '', 53, 100, '2016-01-15 09:58:24', 1, '', '', '', 0, '', '1', 1, 0, '', '', 0, 0),
(538, '妈咪宝贝瞬吸男宝纸尿裤M', '/Public/Home/images/2016-01-15/56469377ba9ec.jpg', 35.00, 0.00, '', 63, 100, '2016-01-15 09:58:24', 1, '', '', '', 0, '', '1', 1, 0, '', '', 0, 0),
(539, '妈咪宝贝男宝纸尿裤L', '/Public/Home/images/2016-01-15/5646bc56a9339.jpg', 35.00, 0.00, '', 63, 100, '2016-01-15 09:58:24', 1, '', '', '', 0, '', '1', 1, 0, '', '', 0, 0),
(540, '妈咪宝贝男宝纸尿裤XL', '/Public/Home/images/2016-01-15/5646bc78ed7b4.gif', 35.00, 0.00, '', 63, 100, '2016-01-15 09:58:24', 1, '', '', '', 0, '', '1', 1, 0, '', '', 0, 0),
(541, '妈咪宝贝女宝干爽纸尿裤M', '/Public/Home/images/2016-01-15/5646bca11409a.jpg', 35.00, 0.00, '', 63, 100, '2016-01-15 09:58:24', 1, '', '', '', 0, '', '1', 1, 0, '', '', 0, 0),
(542, '妈咪宝贝女宝舒爽层纸尿裤L', '/Public/Home/images/2016-01-15/5646bcc804be4.jpg', 35.00, 0.00, '', 63, 10, '2016-01-15 09:58:24', 1, '', '', '', 0, '', '1', 1, 0, '', '', 0, 0),
(543, '妈咪宝贝女瞬吸层XL', '/Public/Home/images/2016-01-15/5646bce89d465.jpg', 35.00, 0.00, '', 63, 10, '2016-01-15 09:58:24', 1, '', '', '', 0, '', '1', 1, 0, '', '', 0, 0),
(544, '妈咪宝贝小内裤男式纸尿裤', '/Public/Home/images/2016-01-15/5646bd14160db.jpg', 35.00, 0.00, '', 63, 10, '2016-01-15 09:58:24', 1, '', '', '', 0, '', '1', 1, 0, '', '', 0, 0),
(545, '妈咪宝贝男宝纸尿裤M', '/Public/Home/images/2016-01-15/5646bd3769e89.jpg', 35.00, 0.00, '', 63, 10, '2016-01-15 09:58:24', 1, '', '', '', 0, '', '1', 1, 0, '', '', 0, 0),
(546, '妈咪宝贝小内裤女式纸尿裤', '/Public/Home/images/2016-01-15/5646bd5bb3d01.jpg', 35.00, 0.00, '', 63, 10, '2016-01-15 09:58:24', 1, '', '', '', 0, '', '1', 1, 0, '', '', 0, 0),
(547, '妈咪宝贝男宝纸尿裤', '/Public/Home/images/2016-01-15/5646bdb4acdd5.jpg', 35.00, 0.00, '', 63, 10, '2016-01-15 09:58:24', 1, '', '', '', 0, '', '1', 1, 0, '', '', 0, 0),
(548, '妈咪宝贝小内裤女宝 L', '/Public/Home/images/2016-01-15/5646bdd78de54.jpg', 35.00, 0.00, '', 63, 10, '2016-01-15 09:58:24', 1, '', '', '', 0, '', '1', 1, 0, '', '', 0, 0),
(549, '妈咪宝贝小内裤男宝纸尿裤XL', '/Public/Home/images/2016-01-15/5646be1f07950.jpg', 35.00, 0.00, '', 63, 10, '2016-01-15 09:58:24', 1, '', '', '', 0, '', '1', 1, 0, '', '', 0, 0),
(550, '妈咪宝贝小内裤女式XL', '/Public/Home/images/2016-01-15/5646be43b39bd.jpg', 35.00, 0.00, '', 63, 10, '2016-01-15 09:58:24', 1, '', '', '', 0, '', '1', 1, 0, '', '', 0, 0),
(551, '22CM盆', '/Public/Home/images/2016-01-15/5646bf058df38.jpg', 4.00, 0.00, '', 65, 10, '2016-01-15 09:58:24', 1, '', '', '', 0, '', '1', 1, 0, '', '', 0, 0),
(552, '22cm欧式调料缸', '/Public/Home/images/2016-01-15/5646bf48d1017.jpg', 4.00, 0.00, '', 65, 10, '2016-01-15 09:58:24', 1, '', '', '', 0, '', '1', 1, 0, '', '', 0, 0),
(553, '24CM调料缸', '/Public/Home/images/2016-01-15/5646bf796c526.jpg', 4.00, 0.00, '', 65, 10, '2016-01-15 09:58:24', 1, '', '', '', 0, '', '1', 1, 0, '', '', 0, 0),
(554, '小护士网面12片260', '/Public/Home/images/2016-01-15/5646c02c57e4d.jpg', 4.00, 0.00, '', 61, 100, '2016-01-15 09:58:24', 1, '', '', '', 0, '', '1', 1, 0, '', '', 0, 0),
(555, '小护士棉柔12片260', '/Public/Home/images/2016-01-15/5646c05a6798d.jpg', 4.00, 0.00, '', 61, 100, '2016-01-15 09:58:24', 1, '', '', '', 0, '', '1', 1, 0, '', '', 0, 0),
(556, '小护士棉柔11片260', '/Public/Home/images/2016-01-15/5646c080e92a3.jpg', 4.00, 0.00, '', 61, 100, '2016-01-15 09:58:24', 1, '', '', '', 0, '', '1', 1, 0, '', '', 0, 0),
(557, '卫生棉签', '/Public/Home/images/2016-01-15/5646c12e1391f.jpg', 14.00, 0.00, '', 61, 100, '2016-01-15 09:58:24', 1, '', '', '', 0, '', '1', 1, 0, '', '', 0, 0),
(558, '奥德美中性笔芯0.38MM', '/Public/Home/images/2016-01-15/5646c1cc7b5a6.jpg', 0.00, 0.00, '', 99, 100, '2016-01-15 09:58:24', 1, '', '', '', 0, '', '1', 1, 0, '', '', 0, 0),
(559, '百事可乐', '/Public/Home/images/2016-01-15/5646c31c42dd9.jpg', 2.00, 0.00, '', 36, 100, '2016-01-15 09:58:24', 1, '', '', '', 0, '', '1', 1, 0, '', '', 0, 0),
(560, '美年达橙味550ML', '/Public/Home/images/2016-01-15/5646c3731010d.jpg', 2.00, 0.00, '', 36, 10, '2016-01-15 09:58:24', 1, '', '', '', 0, '', '1', 1, 0, '', '', 0, 0),
(561, '美年达青苹果味', '/Public/Home/images/2016-01-15/5646c4808f0f3.jpg', 2.00, 0.00, '', 36, 100, '2016-01-15 09:58:24', 1, '', '', '', 0, '', '1', 1, 0, '', '', 0, 0),
(562, '美年达葡萄味', '/Public/Home/images/2016-01-15/5646c4b42a899.jpg', 2.00, 0.00, '', 36, 100, '2016-01-15 09:58:24', 1, '', '', '', 0, '', '1', 1, 0, '', '', 0, 0),
(563, '百事可乐2L', '/Public/Home/images/2016-01-15/5646c4ef7111f.jpg', 5.00, 0.00, '', 36, 100, '2016-01-15 09:58:24', 1, '', '', '', 0, '', '1', 1, 0, '', '', 0, 0),
(564, '7喜', '/Public/Home/images/2016-01-15/5646c554b18cf.jpg', 5.00, 0.00, '', 36, 100, '2016-01-15 09:58:24', 1, '', '', '', 0, '', '1', 1, 0, '', '', 0, 0),
(565, '美年达橙味', '/Public/Home/images/2016-01-15/5646d85c4240e.jpg', 3.00, 0.00, '', 36, 100, '2016-01-15 09:58:24', 1, '', '', '', 0, '', '1', 1, 0, '', '', 0, 0),
(566, '7喜', '/Public/Home/images/2016-01-15/5646d8c0cd1da.jpg', 3.00, 0.00, '', 36, 100, '2016-01-15 09:58:24', 1, '', '', '', 0, '', '1', 1, 0, '', '', 0, 0),
(567, '美年达（冰镇西瓜味）', '/Public/Home/images/2016-01-15/5646d9000d3e0.jpg', 2.00, 0.00, '', 36, 100, '2016-01-15 09:58:24', 1, '', '', '', 0, '', '1', 1, 0, '', '', 0, 0),
(568, '百事可乐1L', '/Public/Home/images/2016-01-15/5646d931bef95.jpg', 3.00, 0.00, '', 36, 100, '2016-01-15 09:58:24', 1, '', '', '', 0, '', '1', 1, 0, '', '', 0, 0),
(569, '美年达蜂蜜柚子味', '/Public/Home/images/2016-01-15/5646d97fd1347.jpg', 2.00, 0.00, '', 36, 100, '2016-01-15 09:58:24', 1, '', '', '', 0, '', '1', 1, 0, '', '', 0, 0),
(570, '中性笔', '/Public/Home/images/2016-01-15/5646d9e8f0988.jpg', 1.00, 0.00, '', 99, 100, '2016-01-15 09:58:24', 1, '', '', '', 0, '', '1', 1, 0, '', '', 0, 0),
(571, '36CM面盆', '/Public/Home/images/2016-01-15/5646da9b22119.jpg', 8.00, 0.00, '', 65, 100, '2016-01-15 09:58:24', 1, '', '', '', 0, '', '1', 1, 0, '', '', 0, 0),
(572, '达利园桂圆莲子八宝粥', '/Public/Home/images/2016-01-15/5646dbeb27c54.jpg', 3.00, 0.00, '', 39, 100, '2016-01-15 09:58:24', 1, '', '', '', 0, '', '1', 1, 0, '', '', 0, 0),
(573, '达利园低糖桂圆八宝粥', '/Public/Home/images/2016-01-15/5646dd21256cd.jpg', 3.00, 0.00, '', 39, 100, '2016-01-15 09:58:24', 1, '', '', '', 0, '', '1', 1, 0, '', '', 0, 0),
(574, '达利八宝粥园桂圆红枣', '/Public/Home/images/2016-01-15/5646dd601dd77.jpg', 3.00, 0.00, '', 39, 100, '2016-01-15 09:58:24', 1, '', '', '', 0, '', '1', 1, 0, '', '', 0, 0),
(575, '达利园桂圆银耳八宝粥', '/Public/Home/images/2016-01-15/5646dd925a632.jpg', 3.00, 0.00, '', 39, 100, '2016-01-15 09:58:24', 1, '', '', '', 0, '', '1', 1, 0, '', '', 0, 0),
(576, '和其正凉茶', '/Public/Home/images/2016-01-15/5646ddf5124b1.jpg', 3.00, 0.00, '', 36, 100, '2016-01-15 09:58:24', 1, '', '', '', 0, '', '1', 1, 0, '', '', 0, 0),
(577, '情未了湿巾', '/Public/Home/images/2016-01-15/5646de4f447f5.jpg', 2.00, 0.00, '', 61, 100, '2016-01-15 09:58:24', 1, '', '', '', 0, '', '1', 1, 0, '', '', 0, 0),
(578, '丁香花', '/Public/Home/images/2016-01-15/5646de92aab1e.jpg', 2.00, 0.00, '', 61, 100, '2016-01-15 09:58:24', 1, '', '', '', 0, '', '1', 1, 0, '', '', 0, 0),
(579, '六必居黄豆酱油', '/Public/Home/images/2016-01-15/5646deddd1a72.jpg', 9.00, 0.00, '', 42, 100, '2016-01-15 09:58:24', 1, '', '', '', 0, '', '1', 1, 0, '', '', 0, 0),
(580, '枫之味特选青芥辣', '/Public/Home/images/2016-01-15/5646df3f16592.jpg', 1.00, 0.00, '', 49, 100, '2016-01-15 09:58:24', 1, '', '', '', 0, '', '1', 1, 0, '', '', 0, 0),
(581, '爱萌卷纸1800G', '/Public/Home/images/2016-01-15/5646df7d1c155.jpg', 16.00, 0.00, '', 57, 100, '2016-01-15 09:58:24', 1, '', '', '', 0, '', '1', 1, 0, '', '', 0, 0),
(582, '22CM浅盆', '/Public/Home/images/2016-01-15/5646e0479ce43.jpg', 4.00, 0.00, '', 65, 100, '2016-01-15 09:58:24', 1, '', '', '', 0, '', '1', 1, 0, '', '', 0, 0),
(583, '24cm加厚汤盆', '/Public/Home/images/2016-01-15/5646e079e6e33.jpg', 14.00, 0.00, '', 65, 100, '2016-01-15 09:58:24', 1, '', '', '', 0, '', '1', 1, 0, '', '', 0, 0),
(584, '20cm反边味斗', '/Public/Home/images/2016-01-15/5646e0a3281ca.jpg', 11.00, 0.00, '', 65, 100, '2016-01-15 09:58:24', 1, '', '', '', 0, '', '1', 1, 0, '', '', 0, 0),
(585, '40cm反边味斗', '/Public/Home/images/2016-01-15/5646e0d5a9190.jpg', 19.00, 0.00, '', 65, 100, '2016-01-15 09:58:24', 1, '', '', '', 0, '', '1', 1, 0, '', '', 0, 0),
(586, '18CM反边味斗', '/Public/Home/images/2016-01-15/5646e105ed21e.jpg', 4.00, 0.00, '', 65, 10, '2016-01-15 09:58:24', 1, '', '', '', 0, '', '1', 1, 0, '', '', 0, 0),
(587, '订书器', '/Public/Home/images/2016-01-15/5646e149c443f.jpg', 6.00, 0.00, '', 98, 100, '2016-01-15 09:58:24', 1, '', '', '', 0, '', '1', 1, 0, '', '', 0, 0),
(588, '单把奶锅', '/Public/Home/images/2016-01-15/5646e189ecd19.jpg', 20.00, 0.00, '', 65, 10, '2016-01-15 09:58:24', 1, '', '', '', 0, '', '1', 1, 0, '', '', 0, 0),
(589, '34cm多用面盆', '/Public/Home/images/2016-01-15/5646e1c731b1f.jpg', 8.00, 0.00, '', 65, 10, '2016-01-15 09:58:24', 1, '', '', '', 0, '', '1', 1, 0, '', '', 0, 0),
(590, '38cm面盆（A型0.8厚）', '/Public/Home/images/2016-01-15/5646e2c23b872.jpg', 7.00, 0.00, '', 65, 10, '2016-01-15 09:58:24', 1, '', '', '', 0, '', '1', 1, 0, '', '', 0, 0),
(591, '22CM反边调料缸', '/Public/Home/images/2016-01-15/5646e2f0dbb63.jpg', 4.00, 0.00, '', 65, 10, '2016-01-15 09:58:24', 1, '', '', '', 0, '', '1', 1, 0, '', '', 0, 0),
(592, '哈尔滨啤酒小麦王330ML', '/Public/Home/images/2016-01-15/5646e3348062f.jpg', 2.00, 0.00, '', 34, 10, '2016-01-15 09:58:24', 1, '', '', '', 0, '', '1', 1, 0, '', '', 0, 0),
(593, '哈尔滨啤酒小麦王500ML', '/Public/Home/images/2016-01-15/5646e3603f28a.jpg', 3.00, 0.00, '', 34, 100, '2016-01-15 09:58:24', 1, '', '', '', 0, '', '1', 1, 0, '', '', 0, 0),
(594, '乡巴佬鸡排', '/Public/Home/images/2016-01-15/5646e3a14b1e6.jpg', 1.00, 0.00, '', 39, 10, '2016-01-15 09:58:24', 1, '', '', '', 0, '', '1', 1, 0, '', '', 0, 0),
(595, '乡巴佬鸡爪', '/Public/Home/images/2016-01-15/5646e3ca1b921.jpg', 1.00, 0.00, '', 39, 100, '2016-01-15 09:58:24', 1, '', '', '', 0, '', '1', 1, 0, '', '', 0, 0),
(596, '乡巴佬香酥鸡腿', '/Public/Home/images/2016-01-15/5646e3f61261c.jpg', 1.00, 0.00, '', 39, 100, '2016-01-15 09:58:24', 1, '', '', '', 0, '', '1', 1, 0, '', '', 0, 0),
(597, '雨聪原木精品纸抽', '/Public/Home/images/2016-01-15/5646e44cdfd4d.jpg', 5.00, 0.00, '', 57, 100, '2016-01-15 09:58:24', 1, '', '', '', 0, '', '1', 1, 0, '', '', 0, 0),
(598, '秋林格瓦斯（大）', '/Public/Home/images/2016-01-15/5646e49c689e1.jpg', 6.00, 0.00, '', 36, 100, '2016-01-15 09:58:24', 1, '', '', '', 0, '', '1', 1, 0, '', '', 0, 0),
(599, '秋林格瓦斯350', '/Public/Home/images/2016-01-15/5646e4bf9c0ca.jpg', 2.00, 0.00, '', 36, 100, '2016-01-15 09:58:24', 1, '', '', '', 0, '', '1', 1, 0, '', '', 0, 0),
(600, '珍选超大实惠装豆瓣酱', '/Public/Home/images/2016-01-15/5646e50bd9fc5.jpeg', 3.00, 0.00, '', 55, 100, '2016-01-15 09:58:24', 1, '', '', '', 0, '', '1', 1, 0, '', '', 0, 0),
(601, '珍选捞汁', '/Public/Home/images/2016-01-15/5646e606108f6.jpg', 8.00, 0.00, '', 47, 100, '2016-01-15 09:58:24', 1, '', '', '', 0, '', '1', 1, 0, '', '', 0, 0),
(602, '珍选酿造黄豆酱油', '/Public/Home/images/2016-01-15/5646e6438815a.jpg', 6.00, 0.00, '', 42, 100, '2016-01-15 09:58:24', 1, '', '', '', 0, '', '1', 1, 0, '', '', 0, 0),
(603, '暖身贴', '/Public/Home/images/2016-01-15/5646e67d8af27.jpeg', 1.00, 0.00, '', 61, 100, '2016-01-15 09:58:24', 1, '', '', '', 0, '', '1', 1, 0, '', '', 0, 0),
(604, '小当家干脆面巴西烤肉味', '/Public/Home/images/2016-01-15/5646e6ee21a1c.jpg', 0.00, 0.00, '', 54, 100, '2016-01-15 09:58:24', 1, '', '', '', 0, '', '1', 1, 0, '', '', 0, 0),
(605, '可口可乐零度', '/Public/Home/images/2016-01-15/5646e75a5788b.jpg', 2.00, 0.00, '', 36, 10, '2016-01-15 09:58:24', 1, '', '', '', 0, '', '1', 1, 0, '', '', 0, 0),
(606, '可口可乐（听）', '/Public/Home/images/2016-01-15/5646e7879dd35.jpg', 2.00, 0.00, '', 36, 100, '2016-01-15 09:58:24', 1, '', '', '', 0, '', '1', 1, 0, '', '', 0, 0),
(607, '可口可乐', '/Public/Home/images/2016-01-15/5646e7af1aa64.jpg', 2.00, 0.00, '', 36, 100, '2016-01-15 09:58:24', 1, '', '', '', 0, '', '1', 1, 0, '', '', 0, 0),
(608, '可口可乐（2L）', '/Public/Home/images/2016-01-15/5646e7e333973.jpg', 6.00, 0.00, '', 36, 100, '2016-01-15 09:58:24', 1, '', '', '', 0, '', '1', 1, 0, '', '', 0, 0),
(609, '雪碧（听）', '/Public/Home/images/2016-01-15/5646e8293251c.jpg', 2.00, 0.00, '', 36, 100, '2016-01-15 09:58:24', 1, '', '', '', 0, '', '1', 1, 0, '', '', 0, 0),
(610, '雪碧柠檬味汽水', '/Public/Home/images/2016-01-15/5649271eeec4b.jpg', 2.00, 0.00, '', 36, 100, '2016-01-15 09:58:24', 1, '', '', '', 0, '', '1', 1, 0, '', '', 0, 0),
(611, '雪碧清爽柠檬味汽水', '/Public/Home/images/2016-01-15/5649275aab9c2.jpg', 6.00, 0.00, '', 36, 100, '2016-01-15 09:58:24', 1, '', '', '', 0, '', '1', 1, 0, '', '', 0, 0),
(612, '芬达橙味（听）', '/Public/Home/images/2016-01-15/56492788594cf.jpg', 2.00, 0.00, '', 36, 100, '2016-01-15 09:58:24', 1, '', '', '', 0, '', '1', 1, 0, '', '', 0, 0),
(613, '芬达橙味汽水', '/Public/Home/images/2016-01-15/564927b7bc1e7.jpg', 2.00, 0.00, '', 36, 100, '2016-01-15 09:58:24', 1, '', '', '', 0, '', '1', 1, 0, '', '', 0, 0),
(614, '芬达葡萄味', '/Public/Home/images/2016-01-15/564927e004df0.jpg', 2.00, 0.00, '', 36, 100, '2016-01-15 09:58:24', 1, '', '', '', 0, '', '1', 1, 0, '', '', 0, 0),
(615, '芬达苹果味', '/Public/Home/images/2016-01-15/564928071d328.jpg', 2.00, 0.00, '', 36, 100, '2016-01-15 09:58:24', 1, '', '', '', 0, '', '1', 1, 0, '', '', 0, 0),
(616, '芬达菠萝味', '/Public/Home/images/2016-01-15/5649282c3173a.jpg', 2.00, 0.00, '', 36, 100, '2016-01-15 09:58:24', 1, '', '', '', 0, '', '1', 1, 0, '', '', 0, 0),
(617, '芬达芒果味', '/Public/Home/images/2016-01-15/5649285814dbd.jpg', 2.00, 0.00, '', 36, 100, '2016-01-15 09:58:24', 1, '', '', '', 0, '', '1', 1, 0, '', '', 0, 0),
(618, '+C听装', '/Public/Home/images/2016-01-15/564928ec0ff90.jpg', 2.00, 0.00, '', 36, 100, '2016-01-15 09:58:24', 1, '', '', '', 0, '', '1', 1, 0, '', '', 0, 0),
(619, '幸福妈咪多功能蔬菜处理器', '/Public/Home/images/2016-01-15/564929af66581.png', 27.00, 0.00, '', 65, 100, '2016-01-15 09:58:24', 1, '', '', '', 0, '', '1', 1, 0, '', '', 0, 0),
(620, '幸福妈咪多功能食物绞碎器', '/Public/Home/images/2016-01-15/564929e07cb76.jpg', 40.00, 0.00, '', 65, 100, '2016-01-15 09:58:24', 1, '', '', '', 0, '', '1', 1, 0, '', '', 0, 0),
(621, '麦辣鸡块', '/Public/Home/images/2016-01-15/56492a5a0bd56.jpg', 2.00, 0.00, '', 39, 100, '2016-01-15 09:58:24', 1, '', '', '', 0, '', '1', 1, 0, '', '', 0, 0),
(622, '麦香鸡块', '/Public/Home/images/2016-01-15/56492a989342b.jpg', 2.00, 0.00, '', 39, 10, '2016-01-15 09:58:24', 1, '', '', '', 0, '', '1', 1, 0, '', '', 0, 0),
(623, '小米锅巴烧烤味', '/Public/Home/images/2016-01-15/56492ae67efcd.jpg', 3.00, 0.00, '', 39, 10, '2016-01-15 09:58:24', 1, '', '', '', 0, '', '1', 1, 0, '', '', 0, 0),
(624, '一次性小号饭碗', '/Public/Home/images/2016-01-15/56492b2d2e533.png', 3.00, 0.00, '', 64, 100, '2016-01-15 09:58:24', 1, '', '', '', 0, '', '1', 1, 0, '', '', 0, 0),
(625, '一次性纸杯', '/Public/Home/images/2016-01-15/56492b565e96f.jpg', 4.00, 0.00, '', 64, 100, '2016-01-15 09:58:24', 1, '', '', '', 0, '', '1', 1, 0, '', '', 0, 0);

-- --------------------------------------------------------
